Time (s),C1 (V),C2 (V)
-0.036525,-0.028828923780644,0.491811304022605
-0.0365,-0.0118538674542707,0.49214598175239
-0.036475,0.00512118887210272,0.49214598175239
-0.03645,0.0207648682317017,0.49214598175239
-0.036425,0.0364085475913007,0.49214598175239
-0.0364,0.0510536942258189,0.49214598175239
-0.036375,0.0656988408603371,0.492480659482175
-0.03635,0.0796782990114681,0.49214598175239
-0.036325,0.0933249129209055,0.491811304022605
-0.0363,0.106305838346956,0.49214598175239
-0.036275,0.118953919531312,0.49214598175239
-0.03625,0.130936312232282,0.49214598175239
-0.036225,0.142918704933251,0.492480659482175
-0.0362,0.15390256490914,0.49214598175239
-0.036175,0.164886424885028,0.49214598175239
-0.03615,0.175537440619224,0.49214598175239
-0.036125,0.185522767870031,0.49214598175239
-0.0361,0.195175250879146,0.49214598175239
-0.036075,0.20482773388826,0.49214598175239
-0.03605,0.213814528413987,0.491811304022605
-0.036025,0.222801322939714,0.49214598175239
-0.036,0.231122428982054,0.491811304022605
-0.035975,0.239443535024394,0.49214598175239
-0.03595,0.247098952583347,0.491811304022605
-0.035925,0.255087214383993,0.49214598175239
-0.0359,0.262409787701252,0.491811304022605
-0.035875,0.269732361018511,0.491811304022605
-0.03585,0.276389245852383,0.491811304022605
-0.035825,0.283046130686255,0.491811304022605
-0.0358,0.289370171278433,0.491811304022605
-0.035775,0.295694211870612,0.49214598175239
-0.03575,0.301685408221096,0.49214598175239
-0.035725,0.307676604571581,0.49214598175239
-0.0357,0.313002112438678,0.49214598175239
-0.035675,0.318327620305776,0.49214598175239
-0.03565,0.323985972414567,0.49214598175239
-0.035625,0.328978636039971,0.491811304022605
-0.0356,0.333638455423681,0.49214598175239
-0.035575,0.338631119049085,0.491811304022605
-0.03555,0.343290938432796,0.49214598175239
-0.035525,0.347617913574812,0.49214598175239
-0.0355,0.351944888716829,0.49214598175239
-0.035475,0.356271863858846,0.49214598175239
-0.03545,0.360265994759169,0.49214598175239
-0.035425,0.364260125659492,0.49214598175239
-0.0354,0.368254256559815,0.49214598175239
-0.035375,0.371915543218445,0.49214598175239
-0.03535,0.375576829877074,0.49214598175239
-0.035325,0.37890527229401,0.49214598175239
-0.0353,0.381900870469253,0.491811304022605
-0.035275,0.385562157127882,0.49214598175239
-0.03525,0.388557755303125,0.49214598175239
-0.035225,0.391553353478367,0.49214598175239
-0.0352,0.394548951653609,0.492480659482175
-0.035175,0.397544549828852,0.49214598175239
-0.03515,0.4002073037624,0.49214598175239
-0.035125,0.402870057695949,0.491811304022605
-0.0351,0.405532811629498,0.49214598175239
-0.035075,0.408195565563047,0.49214598175239
-0.03505,0.410525475254902,0.492480659482175
-0.035025,0.412855384946757,0.49214598175239
-0.035,0.415185294638612,0.49214598175239
-0.034975,0.417515204330467,0.49214598175239
-0.03495,0.419512269780629,0.49214598175239
-0.034925,0.421509335230791,0.491811304022605
-0.0349,0.423506400680952,0.491811304022605
-0.034875,0.425503466131114,0.49214598175239
-0.03485,0.427500531581275,0.49214598175239
-0.034825,0.429497597031437,0.49214598175239
-0.0348,0.431494662481598,0.49214598175239
-0.034775,0.433158883690066,0.49214598175239
-0.03475,0.434823104898534,0.49214598175239
-0.034725,0.436154481865309,0.49214598175239
-0.0347,0.437818703073777,0.49214598175239
-0.034675,0.439482924282245,0.491811304022605
-0.03465,0.440814301249019,0.49214598175239
-0.034625,0.442145678215793,0.49214598175239
-0.0346,0.443477055182568,0.49214598175239
-0.034575,0.445141276391036,0.49214598175239
-0.03455,0.44647265335781,0.49214598175239
-0.034525,0.447804030324585,0.49214598175239
-0.0345,0.449135407291359,0.49214598175239
-0.034475,0.45013394001644,0.49214598175239
-0.03445,0.451465316983214,0.49214598175239
-0.034425,0.452463849708295,0.49214598175239
-0.0344,0.453462382433376,0.49214598175239
-0.034375,0.454460915158456,0.49214598175239
-0.03435,0.455792292125231,0.49214598175239
-0.034325,0.456790824850312,0.49214598175239
-0.0343,0.457789357575392,0.49214598175239
-0.034275,0.458787890300473,0.491811304022605
-0.03425,0.45945357878386,0.49214598175239
-0.034225,0.460452111508941,0.49214598175239
-0.0342,0.461117799992328,0.49214598175239
-0.034175,0.462116332717409,0.49214598175239
-0.03415,0.462782021200796,0.49214598175239
-0.034125,0.463780553925877,0.49214598175239
-0.0341,0.464446242409264,0.492480659482175
-0.034075,0.465444775134345,0.49214598175239
-0.03405,0.466110463617732,0.492480659482175
-0.034025,0.466776152101119,0.49214598175239
-0.034,0.467441840584507,0.49214598175239
-0.033975,0.468107529067894,0.49214598175239
-0.03395,0.468773217551281,0.492480659482175
-0.033925,0.469438906034668,0.49214598175239
-0.0339,0.470104594518055,0.49214598175239
-0.033875,0.470770283001443,0.49214598175239
-0.03385,0.471103127243136,0.49214598175239
-0.033825,0.471768815726523,0.49214598175239
-0.0338,0.472434504209911,0.491811304022605
-0.033775,0.472767348451604,0.492480659482175
-0.03375,0.473433036934991,0.49214598175239
-0.033725,0.474098725418379,0.492480659482175
-0.0337,0.474431569660072,0.49214598175239
-0.033675,0.474764413901766,0.49214598175239
-0.03365,0.475430102385153,0.49214598175239
-0.033625,0.475762946626847,0.49214598175239
-0.0336,0.47609579086854,0.49214598175239
-0.033575,0.476428635110234,0.49214598175239
-0.03355,0.477094323593621,0.49214598175239
-0.033525,0.477427167835315,0.49214598175239
-0.0335,0.477427167835315,0.49214598175239
-0.033475,0.478092856318702,0.491811304022605
-0.03345,0.478092856318702,0.491811304022605
-0.033425,0.478758544802089,0.49214598175239
-0.0334,0.479091389043782,0.49214598175239
-0.033375,0.479424233285476,0.49214598175239
-0.03335,0.479424233285476,0.491811304022605
-0.033325,0.480089921768863,0.492480659482175
-0.0333,0.480422766010557,0.49214598175239
-0.033275,0.48075561025225,0.49214598175239
-0.03325,0.48075561025225,0.49214598175239
-0.033225,0.481088454493944,0.49214598175239
-0.0332,0.481421298735638,0.492480659482175
-0.033175,0.481421298735638,0.49214598175239
-0.03315,0.481754142977331,0.49214598175239
-0.033125,0.482086987219025,0.49214598175239
-0.0331,0.482419831460718,0.492480659482175
-0.033075,0.482419831460718,0.49214598175239
-0.03305,0.483085519944106,0.49214598175239
-0.033025,0.483085519944106,0.49214598175239
-0.033,0.483085519944106,0.49214598175239
-0.032975,0.483418364185799,0.49214598175239
-0.03295,0.483751208427493,0.49214598175239
-0.032925,0.483751208427493,0.492480659482175
-0.0329,0.484084052669186,0.49214598175239
-0.032875,0.484084052669186,0.49214598175239
-0.03285,0.484084052669186,0.49214598175239
-0.032825,0.48441689691088,0.49214598175239
-0.0328,0.48441689691088,0.49214598175239
-0.032775,0.484749741152574,0.491811304022605
-0.03275,0.485082585394267,0.491811304022605
-0.032725,0.485082585394267,0.49214598175239
-0.0327,0.485082585394267,0.49214598175239
-0.032675,0.485415429635961,0.49214598175239
-0.03265,0.485748273877654,0.49214598175239
-0.032625,0.485748273877654,0.491811304022605
-0.0326,0.485748273877654,0.49214598175239
-0.032575,0.485748273877654,0.49214598175239
-0.03255,0.486081118119348,0.49214598175239
-0.032525,0.486081118119348,0.49214598175239
-0.0325,0.486413962361042,0.49214598175239
-0.032475,0.486413962361042,0.49214598175239
-0.03245,0.486413962361042,0.49214598175239
-0.032425,0.486746806602735,0.49214598175239
-0.0324,0.487079650844429,0.49214598175239
-0.032375,0.486746806602735,0.49214598175239
-0.03235,0.487079650844429,0.49214598175239
-0.032325,0.487079650844429,0.49214598175239
-0.0323,0.487412495086122,0.491811304022605
-0.032275,0.487412495086122,0.49214598175239
-0.03225,0.487412495086122,0.49214598175239
-0.032225,0.487412495086122,0.49214598175239
-0.0322,0.487745339327816,0.49214598175239
-0.032175,0.487745339327816,0.49214598175239
-0.03215,0.487745339327816,0.49214598175239
-0.032125,0.487745339327816,0.49214598175239
-0.0321,0.487745339327816,0.49214598175239
-0.032075,0.48807818356951,0.49214598175239
-0.03205,0.48807818356951,0.49214598175239
-0.032025,0.48807818356951,0.49214598175239
-0.032,0.477427167835315,-0.291334583675076
-0.031975,0.444808432149342,-0.507871074846187
-0.03195,0.413188229188451,-0.507201719386617
-0.031925,0.382899403194333,-0.506867041656831
-0.0319,0.353941954166991,-0.506532363927046
-0.031875,0.325650193623035,-0.507201719386617
-0.03185,0.299022654287547,-0.507201719386617
-0.031825,0.273060803435447,-0.507201719386617
-0.0318,0.248097485308427,-0.507201719386617
-0.031775,0.223799855664795,-0.507201719386617
-0.03175,0.200500758746243,-0.506867041656831
-0.031725,0.177867350311079,-0.507201719386617
-0.0317,0.156232474600995,-0.507536397116402
-0.031675,0.134930443132605,-0.507536397116402
-0.03165,0.114626944389296,-0.507201719386617
-0.031625,0.0946562898876799,-0.506867041656831
-0.0316,0.0753513238694513,-0.507201719386617
-0.031575,0.05671204633461,-0.507201719386617
-0.03155,0.0384056130414623,-0.507201719386617
-0.031525,0.0210977124733953,-0.506867041656831
-0.0315,0.00445550038871552,-0.506867041656831
-0.031475,-0.0121867116959642,-0.507201719386617
-0.03145,-0.0281632352972568,-0.507201719386617
-0.031425,-0.0434740704151622,-0.507536397116402
-0.0314,-0.058452061291374,-0.506867041656831
-0.031375,-0.0730972079258922,-0.507201719386617
-0.03135,-0.0870766660770232,-0.507201719386617
-0.031325,-0.100390435744767,-0.507536397116402
-0.0313,-0.113371361170817,-0.507201719386617
-0.031275,-0.12568659811348,-0.507201719386617
-0.03125,-0.138001835056143,-0.507201719386617
-0.031225,-0.149651383515419,-0.507536397116402
-0.0312,-0.160968087733001,-0.507201719386617
-0.031175,-0.17195194770889,-0.507201719386617
-0.03115,-0.182602963443085,-0.507201719386617
-0.031125,-0.192921134935587,-0.507201719386617
-0.0311,-0.202906462186394,-0.507201719386617
-0.031075,-0.212226100953815,-0.507201719386617
-0.03105,-0.221212895479542,-0.507536397116402
-0.031025,-0.229866845763576,-0.507201719386617
-0.031,-0.238853640289303,-0.507201719386617
-0.030975,-0.246841902089949,-0.507201719386617
-0.03095,-0.254830163890595,-0.507201719386617
-0.030925,-0.262818425691242,-0.507201719386617
-0.0309,-0.269808154766807,-0.507201719386617
-0.030875,-0.277130728084066,-0.507536397116402
-0.03085,-0.284453301401325,-0.507536397116402
-0.030825,-0.291110186235197,-0.507536397116402
-0.0308,-0.297434226827376,-0.507536397116402
-0.030775,-0.303758267419554,-0.507536397116402
-0.03075,-0.309749463770038,-0.507201719386617
-0.030725,-0.315740660120523,-0.507201719386617
-0.0307,-0.321399012229314,-0.507536397116402
-0.030675,-0.327057364338105,-0.507536397116402
-0.03065,-0.332050027963509,-0.507201719386617
-0.030625,-0.337042691588913,-0.507201719386617
-0.0306,-0.342368199456011,-0.507536397116402
-0.030575,-0.347360863081415,-0.507201719386617
-0.03055,-0.351687838223431,-0.507201719386617
-0.030525,-0.356347657607142,-0.507201719386617
-0.0305,-0.360674632749159,-0.507536397116402
-0.030475,-0.365001607891175,-0.507201719386617
-0.03045,-0.368995738791498,-0.507201719386617
-0.030425,-0.372989869691822,-0.507201719386617
-0.0304,-0.376651156350451,-0.507201719386617
-0.030375,-0.380312443009081,-0.506867041656831
-0.03035,-0.38397372966771,-0.507201719386617
-0.030325,-0.38763501632634,-0.507536397116402
-0.0303,-0.390963458743276,-0.507201719386617
-0.030275,-0.394291901160212,-0.507201719386617
-0.03025,-0.397620343577148,-0.507201719386617
-0.030225,-0.400283097510696,-0.507201719386617
-0.0302,-0.403278695685939,-0.507201719386617
-0.030175,-0.406274293861181,-0.507201719386617
-0.03015,-0.409269892036424,-0.507201719386617
-0.030125,-0.411932645969972,-0.507536397116402
-0.0301,-0.414595399903521,-0.507536397116402
-0.030075,-0.416925309595376,-0.507536397116402
-0.03005,-0.419255219287231,-0.507201719386617
-0.030025,-0.42191797322078,-0.507201719386617
-0.03,-0.424247882912635,-0.507201719386617
-0.029975,-0.426244948362797,-0.507536397116402
-0.02995,-0.428574858054652,-0.507536397116402
-0.029925,-0.430904767746507,-0.507536397116402
-0.0299,-0.432901833196669,-0.507536397116402
-0.029875,-0.43489889864683,-0.507536397116402
-0.02985,-0.436563119855298,-0.507536397116402
-0.029825,-0.43856018530546,-0.507536397116402
-0.0298,-0.440224406513928,-0.507201719386617
-0.029775,-0.442221471964089,-0.507201719386617
-0.02975,-0.443885693172557,-0.506867041656831
-0.029725,-0.445549914381025,-0.507201719386617
-0.0297,-0.447214135589493,-0.506867041656831
-0.029675,-0.448545512556268,-0.507201719386617
-0.02965,-0.450209733764736,-0.507201719386617
-0.029625,-0.45154111073151,-0.507536397116402
-0.0296,-0.453205331939978,-0.507536397116402
-0.029575,-0.454536708906752,-0.507536397116402
-0.02955,-0.455868085873527,-0.507201719386617
-0.029525,-0.457199462840301,-0.507201719386617
-0.0295,-0.458530839807076,-0.506867041656831
-0.029475,-0.459529372532156,-0.507201719386617
-0.02945,-0.460860749498931,-0.507201719386617
-0.029425,-0.461859282224012,-0.507201719386617
-0.0294,-0.462857814949092,-0.507201719386617
-0.029375,-0.464189191915867,-0.507536397116402
-0.02935,-0.465187724640948,-0.507536397116402
-0.029325,-0.466186257366028,-0.507201719386617
-0.0293,-0.466851945849415,-0.507201719386617
-0.029275,-0.467850478574496,-0.507536397116402
-0.02925,-0.468849011299577,-0.507536397116402
-0.029225,-0.469847544024658,-0.507201719386617
-0.0292,-0.470846076749739,-0.507201719386617
-0.029175,-0.471511765233126,-0.507536397116402
-0.02915,-0.472510297958207,-0.507536397116402
-0.029125,-0.473175986441594,-0.507536397116402
-0.0291,-0.473841674924981,-0.507536397116402
-0.029075,-0.474840207650062,-0.507536397116402
-0.02905,-0.475505896133449,-0.507201719386617
-0.029025,-0.476171584616836,-0.507201719386617
-0.029,-0.476837273100223,-0.507201719386617
-0.028975,-0.477502961583611,-0.507201719386617
-0.02895,-0.478168650066998,-0.507536397116402
-0.028925,-0.478834338550385,-0.507536397116402
-0.0289,-0.479500027033772,-0.507201719386617
-0.028875,-0.480165715517159,-0.507201719386617
-0.02885,-0.480498559758853,-0.507201719386617
-0.028825,-0.480831404000547,-0.507201719386617
-0.0288,-0.481497092483934,-0.507201719386617
-0.028775,-0.482162780967321,-0.507201719386617
-0.02875,-0.482495625209014,-0.507536397116402
-0.028725,-0.483161313692402,-0.507201719386617
-0.0287,-0.483494157934095,-0.507201719386617
-0.028675,-0.484159846417482,-0.507201719386617
-0.02865,-0.484492690659176,-0.507201719386617
-0.028625,-0.48482553490087,-0.507201719386617
-0.0286,-0.485158379142563,-0.507201719386617
-0.028575,-0.48582406762595,-0.507201719386617
-0.02855,-0.486156911867644,-0.506867041656831
-0.028525,-0.486489756109338,-0.507201719386617
-0.0285,-0.486822600351031,-0.507201719386617
-0.028475,-0.487155444592725,-0.507201719386617
-0.02845,-0.487488288834418,-0.506867041656831
-0.028425,-0.487821133076112,-0.507201719386617
-0.0284,-0.488153977317806,-0.507201719386617
-0.028375,-0.488819665801193,-0.507201719386617
-0.02835,-0.488819665801193,-0.507201719386617
-0.028325,-0.489152510042886,-0.507201719386617
-0.0283,-0.48948535428458,-0.507201719386617
-0.028275,-0.489818198526274,-0.507536397116402
-0.02825,-0.490151042767967,-0.507201719386617
-0.028225,-0.490483887009661,-0.507201719386617
-0.0282,-0.490816731251354,-0.506867041656831
-0.028175,-0.490816731251354,-0.506867041656831
-0.02815,-0.491149575493048,-0.507201719386617
-0.028125,-0.491482419734742,-0.507201719386617
-0.0281,-0.491482419734742,-0.507201719386617
-0.028075,-0.491815263976435,-0.506867041656831
-0.02805,-0.492148108218129,-0.506867041656831
-0.028025,-0.492148108218129,-0.506867041656831
-0.028,-0.492480952459822,-0.507201719386617
-0.027975,-0.492480952459822,-0.507201719386617
-0.02795,-0.49314664094321,-0.507536397116402
-0.027925,-0.49314664094321,-0.507201719386617
-0.0279,-0.49314664094321,-0.507201719386617
-0.027875,-0.49314664094321,-0.507201719386617
-0.02785,-0.493812329426597,-0.506867041656831
-0.027825,-0.493812329426597,-0.507201719386617
-0.0278,-0.493812329426597,-0.507536397116402
-0.027775,-0.49414517366829,-0.507201719386617
-0.02775,-0.494478017909984,-0.507201719386617
-0.027725,-0.49414517366829,-0.507536397116402
-0.0277,-0.494478017909984,-0.507536397116402
-0.027675,-0.494810862151678,-0.507536397116402
-0.02765,-0.494810862151678,-0.507536397116402
-0.027625,-0.495143706393371,-0.507201719386617
-0.0276,-0.495143706393371,-0.507536397116402
-0.027575,-0.495476550635065,-0.507201719386617
-0.02755,-0.495476550635065,-0.507536397116402
-0.027525,-0.495476550635065,-0.507536397116402
-0.0275,-0.495809394876758,-0.507536397116402
-0.027475,-0.495476550635065,-0.507201719386617
-0.02745,-0.495809394876758,-0.507201719386617
-0.027425,-0.496142239118452,-0.507201719386617
-0.0274,-0.496142239118452,-0.507201719386617
-0.027375,-0.496142239118452,-0.507201719386617
-0.02735,-0.496142239118452,-0.507536397116402
-0.027325,-0.496142239118452,-0.507201719386617
-0.0273,-0.496475083360146,-0.507201719386617
-0.027275,-0.496475083360146,-0.506867041656831
-0.02725,-0.496475083360146,-0.507201719386617
-0.027225,-0.496475083360146,-0.507201719386617
-0.0272,-0.496807927601839,-0.507536397116402
-0.027175,-0.496807927601839,-0.507536397116402
-0.02715,-0.496807927601839,-0.507201719386617
-0.027125,-0.497140771843533,-0.507536397116402
-0.0271,-0.496807927601839,-0.507536397116402
-0.027075,-0.497140771843533,-0.507536397116402
-0.02705,-0.497140771843533,-0.507536397116402
-0.027025,-0.497140771843533,-0.507201719386617
-0.027,-0.485491223384257,0.314432107236378
-0.026975,-0.452872487698284,0.492815337211961
-0.02695,-0.421252284737393,0.491811304022605
-0.026925,-0.391296302984969,0.491811304022605
-0.0269,-0.362338853957627,0.491811304022605
-0.026875,-0.334379937655365,0.491811304022605
-0.02685,-0.307752398319877,0.491811304022605
-0.026825,-0.281790547467777,0.491811304022605
-0.0268,-0.256494385099063,0.491811304022605
-0.026775,-0.232529599697124,0.491811304022605
-0.02675,-0.209230502778573,0.491811304022605
-0.026725,-0.186597094343408,0.491811304022605
-0.0267,-0.164629374391631,0.491811304022605
-0.026675,-0.143327342923241,0.491811304022605
-0.02665,-0.122690999938238,0.49214598175239
-0.026625,-0.102720345436622,0.491811304022605
-0.0266,-0.0837482236600872,0.491811304022605
-0.026575,-0.0647761018835523,0.49214598175239
-0.02655,-0.0464696685904046,0.491811304022605
-0.026525,-0.028828923780644,0.491811304022605
-0.0265,-0.0121867116959642,0.491811304022605
-0.026475,0.00478834463040911,0.49214598175239
-0.02645,0.0207648682317017,0.49214598175239
-0.026425,0.0360757033496071,0.491811304022605
-0.0264,0.0510536942258189,0.49214598175239
-0.026375,0.0656988408603371,0.49214598175239
-0.02635,0.0793454547697745,0.49214598175239
-0.026325,0.0929920686792119,0.491811304022605
-0.0263,0.105972994105262,0.491811304022605
-0.026275,0.118953919531312,0.49214598175239
-0.02625,0.130936312232282,0.49214598175239
-0.026225,0.142585860691558,0.49214598175239
-0.0262,0.15390256490914,0.49214598175239
-0.026175,0.164886424885028,0.49214598175239
-0.02615,0.17520459637753,0.49214598175239
-0.026125,0.185189923628338,0.49214598175239
-0.0261,0.195175250879146,0.492480659482175
-0.026075,0.204494889646566,0.49214598175239
-0.02605,0.213814528413987,0.49214598175239
-0.026025,0.222468478698021,0.49214598175239
-0.026,0.23078958474036,0.49214598175239
-0.025975,0.2391106907827,0.49214598175239
-0.02595,0.247098952583347,0.49214598175239
-0.025925,0.254754370142299,0.49214598175239
-0.0259,0.262076943459558,0.49214598175239
-0.025875,0.269399516776817,0.49214598175239
-0.02585,0.276056401610689,0.49214598175239
-0.025825,0.283046130686255,0.49214598175239
-0.0258,0.289370171278433,0.49214598175239
-0.025775,0.295694211870612,0.49214598175239
-0.02575,0.301685408221096,0.49214598175239
-0.025725,0.307343760329887,0.49214598175239
-0.0257,0.312669268196985,0.492480659482175
-0.025675,0.318327620305776,0.49214598175239
-0.02565,0.323985972414567,0.49214598175239
-0.025625,0.328978636039971,0.49214598175239
-0.0256,0.333638455423681,0.49214598175239
-0.025575,0.338631119049085,0.49214598175239
-0.02555,0.343290938432796,0.491811304022605
-0.025525,0.347617913574812,0.49214598175239
-0.0255,0.351944888716829,0.491811304022605
-0.025475,0.356271863858846,0.49214598175239
-0.02545,0.360265994759169,0.49214598175239
-0.025425,0.364260125659492,0.49214598175239
-0.0254,0.367921412318122,0.49214598175239
-0.025375,0.371915543218445,0.49214598175239
-0.02535,0.375243985635381,0.491811304022605
-0.025325,0.37890527229401,0.49214598175239
-0.0253,0.382233714710946,0.49214598175239
-0.025275,0.385562157127882,0.491811304022605
-0.02525,0.388557755303125,0.49214598175239
-0.025225,0.391553353478367,0.49214598175239
-0.0252,0.394548951653609,0.49214598175239
-0.025175,0.397211705587158,0.49214598175239
-0.02515,0.399874459520707,0.491811304022605
-0.025125,0.402870057695949,0.491811304022605
-0.0251,0.405532811629498,0.49214598175239
-0.025075,0.408195565563047,0.49214598175239
-0.02505,0.410192631013208,0.49214598175239
-0.025025,0.412855384946757,0.491811304022605
-0.025,0.414852450396919,0.491811304022605
-0.024975,0.417182360088774,0.49214598175239
-0.02495,0.419179425538935,0.49214598175239
-0.024925,0.421509335230791,0.49214598175239
-0.0249,0.423506400680952,0.49214598175239
-0.024875,0.425503466131114,0.49214598175239
-0.02485,0.427500531581275,0.49214598175239
-0.024825,0.429497597031437,0.49214598175239
-0.0248,0.431161818239905,0.49214598175239
-0.024775,0.432826039448373,0.49214598175239
-0.02475,0.434823104898534,0.492480659482175
-0.024725,0.436487326107002,0.49214598175239
-0.0247,0.437818703073777,0.49214598175239
-0.024675,0.439482924282245,0.492480659482175
-0.02465,0.440814301249019,0.49214598175239
-0.024625,0.442145678215793,0.49214598175239
-0.0246,0.443809899424261,0.49214598175239
-0.024575,0.445141276391036,0.49214598175239
-0.02455,0.44647265335781,0.492480659482175
-0.024525,0.447804030324585,0.49214598175239
-0.0245,0.449135407291359,0.49214598175239
-0.024475,0.450466784258133,0.49214598175239
-0.02445,0.451465316983214,0.49214598175239
-0.024425,0.452463849708295,0.492480659482175
-0.0244,0.453795226675069,0.49214598175239
-0.024375,0.45479375940015,0.49214598175239
-0.02435,0.455792292125231,0.49214598175239
-0.024325,0.456790824850312,0.49214598175239
-0.0243,0.457789357575392,0.49214598175239
-0.024275,0.458787890300473,0.49214598175239
-0.02425,0.45945357878386,0.49214598175239
-0.024225,0.460452111508941,0.49214598175239
-0.0242,0.461450644234022,0.491811304022605
-0.024175,0.462116332717409,0.491811304022605
-0.02415,0.46311486544249,0.49214598175239
-0.024125,0.463780553925877,0.49214598175239
-0.0241,0.464779086650958,0.49214598175239
-0.024075,0.465444775134345,0.49214598175239
-0.02405,0.466110463617732,0.49214598175239
-0.024025,0.466776152101119,0.49214598175239
-0.024,0.467441840584507,0.49214598175239
-0.023975,0.468107529067894,0.492480659482175
-0.02395,0.468773217551281,0.49214598175239
-0.023925,0.469438906034668,0.49214598175239
-0.0239,0.470104594518055,0.49214598175239
-0.023875,0.470770283001443,0.49214598175239
-0.02385,0.47143597148483,0.49214598175239
-0.023825,0.472101659968217,0.492480659482175
-0.0238,0.472434504209911,0.492480659482175
-0.023775,0.473100192693298,0.492480659482175
-0.02375,0.473433036934991,0.49214598175239
-0.023725,0.473765881176685,0.49214598175239
-0.0237,0.474431569660072,0.49214598175239
-0.023675,0.474764413901766,0.49214598175239
-0.02365,0.475097258143459,0.49214598175239
-0.023625,0.475762946626847,0.491811304022605
-0.0236,0.47609579086854,0.49214598175239
-0.023575,0.476428635110234,0.49214598175239
-0.02355,0.476761479351927,0.49214598175239
-0.023525,0.477094323593621,0.49214598175239
-0.0235,0.477760012077008,0.491811304022605
-0.023475,0.478092856318702,0.49214598175239
-0.02345,0.478425700560395,0.49214598175239
-0.023425,0.478758544802089,0.49214598175239
-0.0234,0.479091389043782,0.49214598175239
-0.023375,0.479424233285476,0.49214598175239
-0.02335,0.47975707752717,0.49214598175239
-0.023325,0.480089921768863,0.49214598175239
-0.0233,0.480089921768863,0.49214598175239
-0.023275,0.480422766010557,0.492480659482175
-0.02325,0.48075561025225,0.49214598175239
-0.023225,0.481088454493944,0.49214598175239
-0.0232,0.481421298735638,0.49214598175239
-0.023175,0.481754142977331,0.492480659482175
-0.02315,0.481754142977331,0.49214598175239
-0.023125,0.482086987219025,0.492480659482175
-0.0231,0.482419831460718,0.49214598175239
-0.023075,0.482419831460718,0.49214598175239
-0.02305,0.482752675702412,0.49214598175239
-0.023025,0.483085519944106,0.492480659482175
-0.023,0.483418364185799,0.492480659482175
-0.022975,0.483418364185799,0.492480659482175
-0.02295,0.483751208427493,0.49214598175239
-0.022925,0.483751208427493,0.492480659482175
-0.0229,0.484084052669186,0.49214598175239
-0.022875,0.484084052669186,0.49214598175239
-0.02285,0.48441689691088,0.491811304022605
-0.022825,0.48441689691088,0.49214598175239
-0.0228,0.484749741152574,0.49214598175239
-0.022775,0.484749741152574,0.49214598175239
-0.02275,0.484749741152574,0.49214598175239
-0.022725,0.485082585394267,0.49214598175239
-0.0227,0.485415429635961,0.49214598175239
-0.022675,0.485415429635961,0.49214598175239
-0.02265,0.485748273877654,0.492480659482175
-0.022625,0.485748273877654,0.49214598175239
-0.0226,0.486081118119348,0.49214598175239
-0.022575,0.486081118119348,0.492480659482175
-0.02255,0.486081118119348,0.492480659482175
-0.022525,0.486413962361042,0.49214598175239
-0.0225,0.486413962361042,0.491811304022605
-0.022475,0.486413962361042,0.49214598175239
-0.02245,0.486746806602735,0.49214598175239
-0.022425,0.486746806602735,0.49214598175239
-0.0224,0.486746806602735,0.492480659482175
-0.022375,0.487079650844429,0.49214598175239
-0.02235,0.487079650844429,0.49214598175239
-0.022325,0.487079650844429,0.49214598175239
-0.0223,0.487079650844429,0.49214598175239
-0.022275,0.487412495086122,0.49214598175239
-0.02225,0.487412495086122,0.49214598175239
-0.022225,0.487412495086122,0.49214598175239
-0.0222,0.487745339327816,0.49214598175239
-0.022175,0.487745339327816,0.49214598175239
-0.02215,0.487745339327816,0.49214598175239
-0.022125,0.48807818356951,0.49214598175239
-0.0221,0.487745339327816,0.49214598175239
-0.022075,0.48807818356951,0.49214598175239
-0.02205,0.48807818356951,0.49214598175239
-0.022025,0.48807818356951,0.49214598175239
-0.022,0.477760012077008,-0.282298284970872
-0.021975,0.445141276391036,-0.507536397116402
-0.02195,0.413188229188451,-0.507536397116402
-0.021925,0.383232247436027,-0.507201719386617
-0.0219,0.353941954166991,-0.506867041656831
-0.021875,0.325983037864729,-0.507201719386617
-0.02185,0.299355498529241,-0.507201719386617
-0.021825,0.273060803435447,-0.507201719386617
-0.0218,0.248097485308427,-0.507201719386617
-0.021775,0.224132699906488,-0.507201719386617
-0.02175,0.200833602987937,-0.507201719386617
-0.021725,0.178200194552772,-0.507201719386617
-0.0217,0.156232474600995,-0.507201719386617
-0.021675,0.134930443132605,-0.507201719386617
-0.02165,0.114626944389296,-0.507201719386617
-0.021625,0.0946562898876799,-0.507201719386617
-0.0216,0.0753513238694513,-0.507536397116402
-0.021575,0.05671204633461,-0.507201719386617
-0.02155,0.0387384572831559,-0.506867041656831
-0.021525,0.0210977124733953,-0.507201719386617
-0.0215,0.00412265614702192,-0.507201719386617
-0.021475,-0.0121867116959642,-0.507201719386617
-0.02145,-0.0281632352972568,-0.507201719386617
-0.021425,-0.0434740704151622,-0.507201719386617
-0.0214,-0.058452061291374,-0.506867041656831
-0.021375,-0.0727643636841986,-0.506867041656831
-0.02135,-0.0867438218353296,-0.506867041656831
-0.021325,-0.100057591503073,-0.506867041656831
-0.0213,-0.113371361170817,-0.507201719386617
-0.021275,-0.126019442355174,-0.507201719386617
-0.02125,-0.138001835056143,-0.507201719386617
-0.021225,-0.149651383515419,-0.507201719386617
-0.0212,-0.160968087733001,-0.507201719386617
-0.021175,-0.17195194770889,-0.506867041656831
-0.02115,-0.182602963443085,-0.506867041656831
-0.021125,-0.192921134935587,-0.506867041656831
-0.0211,-0.202573617944701,-0.506867041656831
-0.021075,-0.212226100953815,-0.507201719386617
-0.02105,-0.221212895479542,-0.507536397116402
-0.021025,-0.230199690005269,-0.507536397116402
-0.021,-0.238853640289303,-0.507201719386617
-0.020975,-0.246841902089949,-0.507536397116402
-0.02095,-0.254830163890595,-0.507201719386617
-0.020925,-0.262818425691242,-0.507536397116402
-0.0209,-0.269808154766807,-0.507536397116402
-0.020875,-0.27746357232576,-0.507536397116402
-0.02085,-0.284453301401325,-0.507201719386617
-0.020825,-0.290777341993504,-0.507201719386617
-0.0208,-0.297101382585682,-0.507201719386617
-0.020775,-0.303758267419554,-0.507201719386617
-0.02075,-0.309749463770038,-0.506867041656831
-0.020725,-0.315740660120523,-0.507201719386617
-0.0207,-0.321399012229314,-0.506867041656831
-0.020675,-0.326724520096412,-0.506867041656831
-0.02065,-0.332050027963509,-0.507201719386617
-0.020625,-0.337375535830607,-0.507201719386617
-0.0206,-0.342368199456011,-0.507536397116402
-0.020575,-0.347360863081415,-0.507201719386617
-0.02055,-0.351687838223431,-0.507201719386617
-0.020525,-0.356347657607142,-0.507201719386617
-0.0205,-0.360674632749159,-0.507201719386617
-0.020475,-0.365001607891175,-0.507536397116402
-0.02045,-0.368995738791498,-0.507201719386617
-0.020425,-0.372657025450128,-0.507201719386617
-0.0204,-0.376651156350451,-0.507201719386617
-0.020375,-0.380312443009081,-0.507201719386617
-0.02035,-0.38397372966771,-0.507201719386617
-0.020325,-0.38763501632634,-0.507201719386617
-0.0203,-0.390963458743276,-0.507201719386617
-0.020275,-0.394291901160212,-0.506867041656831
-0.02025,-0.397287499335454,-0.507201719386617
-0.020225,-0.400283097510696,-0.507201719386617
-0.0202,-0.403278695685939,-0.507536397116402
-0.020175,-0.406274293861181,-0.507536397116402
-0.02015,-0.409269892036424,-0.507201719386617
-0.020125,-0.411932645969972,-0.507201719386617
-0.0201,-0.414595399903521,-0.507201719386617
-0.020075,-0.416925309595376,-0.506867041656831
-0.02005,-0.419255219287231,-0.507201719386617
-0.020025,-0.42191797322078,-0.507201719386617
-0.02,-0.424247882912635,-0.507201719386617
-0.019975,-0.42657779260449,-0.507536397116402
-0.01995,-0.428574858054652,-0.507536397116402
-0.019925,-0.430904767746507,-0.507536397116402
-0.0199,-0.432901833196669,-0.507536397116402
-0.019875,-0.43489889864683,-0.507536397116402
-0.01985,-0.436563119855298,-0.507201719386617
-0.019825,-0.43856018530546,-0.507201719386617
-0.0198,-0.440224406513928,-0.507536397116402
-0.019775,-0.441888627722396,-0.507201719386617
-0.01975,-0.443552848930864,-0.507201719386617
-0.019725,-0.445217070139332,-0.507201719386617
-0.0197,-0.4468812913478,-0.507201719386617
-0.019675,-0.448545512556268,-0.506867041656831
-0.01965,-0.450209733764736,-0.506867041656831
-0.019625,-0.45154111073151,-0.507201719386617
-0.0196,-0.452872487698284,-0.507201719386617
-0.019575,-0.454536708906752,-0.507201719386617
-0.01955,-0.455535241631833,-0.507201719386617
-0.019525,-0.456866618598608,-0.507536397116402
-0.0195,-0.458197995565382,-0.507201719386617
-0.019475,-0.459196528290463,-0.507201719386617
-0.01945,-0.460527905257237,-0.507201719386617
-0.019425,-0.461859282224012,-0.507201719386617
-0.0194,-0.462857814949092,-0.507201719386617
-0.019375,-0.463856347674173,-0.507201719386617
-0.01935,-0.464854880399254,-0.507536397116402
-0.019325,-0.465853413124335,-0.507536397116402
-0.0193,-0.467184790091109,-0.507201719386617
-0.019275,-0.46818332281619,-0.507201719386617
-0.01925,-0.468849011299577,-0.507201719386617
-0.019225,-0.469847544024658,-0.507201719386617
-0.0192,-0.470846076749739,-0.506867041656831
-0.019175,-0.471511765233126,-0.507201719386617
-0.01915,-0.472510297958207,-0.507201719386617
-0.019125,-0.473175986441594,-0.506867041656831
-0.0191,-0.473841674924981,-0.507201719386617
-0.019075,-0.474507363408368,-0.506867041656831
-0.01905,-0.475505896133449,-0.506867041656831
-0.019025,-0.475838740375143,-0.506867041656831
-0.019,-0.476837273100223,-0.507201719386617
-0.018975,-0.477502961583611,-0.506867041656831
-0.01895,-0.478168650066998,-0.507536397116402
-0.018925,-0.478501494308691,-0.507201719386617
-0.0189,-0.479167182792079,-0.507201719386617
-0.018875,-0.479832871275466,-0.507201719386617
-0.01885,-0.480498559758853,-0.507201719386617
-0.018825,-0.480831404000547,-0.507536397116402
-0.0188,-0.481497092483934,-0.507201719386617
-0.018775,-0.481829936725627,-0.507201719386617
-0.01875,-0.482495625209014,-0.507201719386617
-0.018725,-0.482828469450708,-0.507536397116402
-0.0187,-0.483494157934095,-0.507201719386617
-0.018675,-0.483827002175789,-0.507201719386617
-0.01865,-0.484492690659176,-0.507201719386617
-0.018625,-0.48482553490087,-0.507536397116402
-0.0186,-0.485491223384257,-0.507201719386617
-0.018575,-0.485491223384257,-0.507536397116402
-0.01855,-0.486156911867644,-0.507536397116402
-0.018525,-0.486822600351031,-0.506867041656831
-0.0185,-0.486822600351031,-0.507201719386617
-0.018475,-0.487155444592725,-0.507201719386617
-0.01845,-0.487488288834418,-0.507536397116402
-0.018425,-0.487821133076112,-0.507201719386617
-0.0184,-0.488153977317806,-0.507201719386617
-0.018375,-0.488486821559499,-0.507201719386617
-0.01835,-0.488819665801193,-0.507201719386617
-0.018325,-0.489152510042886,-0.507201719386617
-0.0183,-0.48948535428458,-0.507201719386617
-0.018275,-0.489818198526274,-0.507201719386617
-0.01825,-0.490151042767967,-0.507536397116402
-0.018225,-0.490151042767967,-0.507536397116402
-0.0182,-0.490816731251354,-0.507201719386617
-0.018175,-0.490816731251354,-0.507201719386617
-0.01815,-0.490816731251354,-0.507201719386617
-0.018125,-0.491482419734742,-0.507201719386617
-0.0181,-0.491815263976435,-0.507536397116402
-0.018075,-0.491815263976435,-0.507201719386617
-0.01805,-0.492148108218129,-0.507536397116402
-0.018025,-0.492480952459822,-0.507201719386617
-0.018,-0.492480952459822,-0.507201719386617
-0.017975,-0.492813796701516,-0.507536397116402
-0.01795,-0.492813796701516,-0.507201719386617
-0.017925,-0.49314664094321,-0.507201719386617
-0.0179,-0.49314664094321,-0.507201719386617
-0.017875,-0.493479485184903,-0.507201719386617
-0.01785,-0.493479485184903,-0.507201719386617
-0.017825,-0.493812329426597,-0.507201719386617
-0.0178,-0.49414517366829,-0.507201719386617
-0.017775,-0.49414517366829,-0.506867041656831
-0.01775,-0.49414517366829,-0.506867041656831
-0.017725,-0.494478017909984,-0.506867041656831
-0.0177,-0.494478017909984,-0.507201719386617
-0.017675,-0.494810862151678,-0.507201719386617
-0.01765,-0.494810862151678,-0.507201719386617
-0.017625,-0.494810862151678,-0.507201719386617
-0.0176,-0.495143706393371,-0.507201719386617
-0.017575,-0.495143706393371,-0.507536397116402
-0.01755,-0.495143706393371,-0.507201719386617
-0.017525,-0.495476550635065,-0.507201719386617
-0.0175,-0.495809394876758,-0.507201719386617
-0.017475,-0.495476550635065,-0.507201719386617
-0.01745,-0.495809394876758,-0.507201719386617
-0.017425,-0.495809394876758,-0.507536397116402
-0.0174,-0.496142239118452,-0.507536397116402
-0.017375,-0.496142239118452,-0.507536397116402
-0.01735,-0.496142239118452,-0.507536397116402
-0.017325,-0.496475083360146,-0.507536397116402
-0.0173,-0.496475083360146,-0.507536397116402
-0.017275,-0.496142239118452,-0.507201719386617
-0.01725,-0.496807927601839,-0.507201719386617
-0.017225,-0.496807927601839,-0.507201719386617
-0.0172,-0.496475083360146,-0.507201719386617
-0.017175,-0.496475083360146,-0.507201719386617
-0.01715,-0.496807927601839,-0.507536397116402
-0.017125,-0.496807927601839,-0.507201719386617
-0.0171,-0.496807927601839,-0.506867041656831
-0.017075,-0.497140771843533,-0.506867041656831
-0.01705,-0.496807927601839,-0.507201719386617
-0.017025,-0.497140771843533,-0.507536397116402
-0.017,-0.48582406762595,0.305395808532174
-0.016975,-0.453205331939978,0.492480659482175
-0.01695,-0.42191797322078,0.491811304022605
-0.016925,-0.391629147226663,0.491811304022605
-0.0169,-0.362338853957627,0.491811304022605
-0.016875,-0.334712781897058,0.491811304022605
-0.01685,-0.307752398319877,0.491811304022605
-0.016825,-0.281790547467777,0.491811304022605
-0.0168,-0.256827229340757,0.491811304022605
-0.016775,-0.232862443938818,0.491811304022605
-0.01675,-0.209563347020266,0.491811304022605
-0.016725,-0.186929938585102,0.491811304022605
-0.0167,-0.164962218633325,0.491811304022605
-0.016675,-0.143660187164934,0.491476626292819
-0.01665,-0.123023844179932,0.491811304022605
-0.016625,-0.103053189678316,0.491476626292819
-0.0166,-0.0837482236600872,0.491811304022605
-0.016575,-0.0651089461252459,0.491811304022605
-0.01655,-0.0468025128320982,0.491811304022605
-0.016525,-0.0291617680223376,0.491811304022605
-0.0165,-0.0121867116959642,0.491811304022605
-0.016475,0.00478834463040911,0.491811304022605
-0.01645,0.0204320239900081,0.49214598175239
-0.016425,0.0360757033496071,0.49214598175239
-0.0164,0.0510536942258189,0.491811304022605
-0.016375,0.0650331523769499,0.49214598175239
-0.01635,0.0793454547697745,0.491811304022605
-0.016325,0.0929920686792119,0.491811304022605
-0.0163,0.105972994105262,0.49214598175239
-0.016275,0.118288231047925,0.49214598175239
-0.01625,0.130603467990588,0.49214598175239
-0.016225,0.142585860691558,0.491811304022605
-0.0162,0.15390256490914,0.491811304022605
-0.016175,0.164553580643335,0.491811304022605
-0.01615,0.17520459637753,0.491811304022605
-0.016125,0.185522767870031,0.49214598175239
-0.0161,0.195175250879146,0.49214598175239
-0.016075,0.204494889646566,0.491811304022605
-0.01605,0.213814528413987,0.491811304022605
-0.016025,0.222468478698021,0.49214598175239
-0.016,0.23078958474036,0.491811304022605
-0.015975,0.2391106907827,0.49214598175239
-0.01595,0.246766108341653,0.491811304022605
-0.015925,0.254754370142299,0.49214598175239
-0.0159,0.262076943459558,0.49214598175239
-0.015875,0.269066672535124,0.491811304022605
-0.01585,0.276056401610689,0.49214598175239
-0.015825,0.282713286444561,0.49214598175239
-0.0158,0.28903732703674,0.49214598175239
-0.015775,0.295361367628918,0.491811304022605
-0.01575,0.301685408221096,0.491811304022605
-0.015725,0.307343760329887,0.49214598175239
-0.0157,0.313002112438678,0.49214598175239
-0.015675,0.318327620305776,0.49214598175239
-0.01565,0.323653128172874,0.491811304022605
-0.015625,0.328645791798277,0.49214598175239
-0.0156,0.333638455423681,0.491811304022605
-0.015575,0.338298274807392,0.49214598175239
-0.01555,0.343290938432796,0.49214598175239
-0.015525,0.347617913574812,0.49214598175239
-0.0155,0.351944888716829,0.49214598175239
-0.015475,0.356271863858846,0.491811304022605
-0.01545,0.360265994759169,0.49214598175239
-0.015425,0.364260125659492,0.49214598175239
-0.0154,0.367921412318122,0.49214598175239
-0.015375,0.371915543218445,0.49214598175239
-0.01535,0.375243985635381,0.49214598175239
-0.015325,0.378572428052317,0.49214598175239
-0.0153,0.382233714710946,0.492480659482175
-0.015275,0.385562157127882,0.49214598175239
-0.01525,0.388557755303125,0.49214598175239
-0.015225,0.391553353478367,0.49214598175239
-0.0152,0.394548951653609,0.49214598175239
-0.015175,0.397211705587158,0.49214598175239
-0.01515,0.4002073037624,0.49214598175239
-0.015125,0.402870057695949,0.491811304022605
-0.0151,0.405532811629498,0.491811304022605
-0.015075,0.407862721321353,0.491811304022605
-0.01505,0.410192631013208,0.49214598175239
-0.015025,0.412855384946757,0.49214598175239
-0.015,0.415185294638612,0.49214598175239
-0.014975,0.417182360088774,0.49214598175239
-0.01495,0.419512269780629,0.491811304022605
-0.014925,0.421509335230791,0.491811304022605
-0.0149,0.423506400680952,0.491811304022605
-0.014875,0.425503466131114,0.49214598175239
-0.01485,0.427500531581275,0.49214598175239
-0.014825,0.429497597031437,0.49214598175239
-0.0148,0.431161818239905,0.491811304022605
-0.014775,0.432826039448373,0.49214598175239
-0.01475,0.434490260656841,0.491811304022605
-0.014725,0.436154481865309,0.49214598175239
-0.0147,0.437818703073777,0.49214598175239
-0.014675,0.439482924282245,0.491811304022605
-0.01465,0.440814301249019,0.491811304022605
-0.014625,0.442145678215793,0.49214598175239
-0.0146,0.443477055182568,0.49214598175239
-0.014575,0.445141276391036,0.49214598175239
-0.01455,0.44647265335781,0.49214598175239
-0.014525,0.447804030324585,0.49214598175239
-0.0145,0.449135407291359,0.49214598175239
-0.014475,0.450466784258133,0.49214598175239
-0.01445,0.451465316983214,0.49214598175239
-0.014425,0.452796693949988,0.49214598175239
-0.0144,0.453795226675069,0.49214598175239
-0.014375,0.45479375940015,0.49214598175239
-0.01435,0.455792292125231,0.49214598175239
-0.014325,0.456790824850312,0.49214598175239
-0.0143,0.457789357575392,0.49214598175239
-0.014275,0.458787890300473,0.49214598175239
-0.01425,0.459786423025554,0.49214598175239
-0.014225,0.460452111508941,0.49214598175239
-0.0142,0.461450644234022,0.49214598175239
-0.014175,0.462449176959103,0.49214598175239
-0.01415,0.46311486544249,0.49214598175239
-0.014125,0.463780553925877,0.49214598175239
-0.0141,0.464779086650958,0.491811304022605
-0.014075,0.465444775134345,0.49214598175239
-0.01405,0.466110463617732,0.49214598175239
-0.014025,0.466776152101119,0.49214598175239
-0.014,0.467441840584507,0.49214598175239
-0.013975,0.468107529067894,0.491811304022605
-0.01395,0.469106061792975,0.49214598175239
-0.013925,0.469438906034668,0.491811304022605
-0.0139,0.470104594518055,0.49214598175239
-0.013875,0.470770283001443,0.492480659482175
-0.01385,0.47143597148483,0.49214598175239
-0.013825,0.471768815726523,0.49214598175239
-0.0138,0.472434504209911,0.49214598175239
-0.013775,0.472767348451604,0.49214598175239
-0.01375,0.473433036934991,0.49214598175239
-0.013725,0.473765881176685,0.49214598175239
-0.0137,0.474431569660072,0.49214598175239
-0.013675,0.474764413901766,0.49214598175239
-0.01365,0.475430102385153,0.49214598175239
-0.013625,0.475762946626847,0.49214598175239
-0.0136,0.47609579086854,0.491811304022605
-0.013575,0.476428635110234,0.491811304022605
-0.01355,0.476761479351927,0.49214598175239
-0.013525,0.477094323593621,0.49214598175239
-0.0135,0.477760012077008,0.49214598175239
-0.013475,0.478092856318702,0.49214598175239
-0.01345,0.478425700560395,0.49214598175239
-0.013425,0.478758544802089,0.49214598175239
-0.0134,0.479091389043782,0.49214598175239
-0.013375,0.479424233285476,0.49214598175239
-0.01335,0.47975707752717,0.49214598175239
-0.013325,0.480089921768863,0.49214598175239
-0.0133,0.480089921768863,0.49214598175239
-0.013275,0.480422766010557,0.49214598175239
-0.01325,0.48075561025225,0.49214598175239
-0.013225,0.481421298735638,0.49214598175239
-0.0132,0.481421298735638,0.49214598175239
-0.013175,0.481421298735638,0.49214598175239
-0.01315,0.481754142977331,0.49214598175239
-0.013125,0.482086987219025,0.49214598175239
-0.0131,0.482086987219025,0.49214598175239
-0.013075,0.482419831460718,0.49214598175239
-0.01305,0.482752675702412,0.49214598175239
-0.013025,0.482752675702412,0.492480659482175
-0.013,0.483418364185799,0.49214598175239
-0.012975,0.483085519944106,0.49214598175239
-0.01295,0.483418364185799,0.49214598175239
-0.012925,0.483751208427493,0.49214598175239
-0.0129,0.484084052669186,0.491811304022605
-0.012875,0.484084052669186,0.491811304022605
-0.01285,0.48441689691088,0.49214598175239
-0.012825,0.484749741152574,0.49214598175239
-0.0128,0.484749741152574,0.492480659482175
-0.012775,0.485082585394267,0.49214598175239
-0.01275,0.485082585394267,0.49214598175239
-0.012725,0.485415429635961,0.49214598175239
-0.0127,0.485415429635961,0.49214598175239
-0.012675,0.485748273877654,0.49214598175239
-0.01265,0.485748273877654,0.492480659482175
-0.012625,0.485748273877654,0.49214598175239
-0.0126,0.486081118119348,0.49214598175239
-0.012575,0.486081118119348,0.49214598175239
-0.01255,0.486081118119348,0.49214598175239
-0.012525,0.486413962361042,0.492480659482175
-0.0125,0.486413962361042,0.49214598175239
-0.012475,0.486746806602735,0.49214598175239
-0.01245,0.486413962361042,0.49214598175239
-0.012425,0.486746806602735,0.49214598175239
-0.0124,0.487079650844429,0.49214598175239
-0.012375,0.487079650844429,0.492480659482175
-0.01235,0.487079650844429,0.49214598175239
-0.012325,0.487079650844429,0.49214598175239
-0.0123,0.487079650844429,0.49214598175239
-0.012275,0.487412495086122,0.49214598175239
-0.01225,0.487412495086122,0.49214598175239
-0.012225,0.487412495086122,0.49214598175239
-0.0122,0.487745339327816,0.49214598175239
-0.012175,0.487745339327816,0.492480659482175
-0.01215,0.487745339327816,0.49214598175239
-0.012125,0.487745339327816,0.49214598175239
-0.0121,0.48807818356951,0.49214598175239
-0.012075,0.48807818356951,0.49214598175239
-0.01205,0.48807818356951,0.49214598175239
-0.012025,0.488411027811203,0.49214598175239
-0.012,0.475762946626847,-0.358939485091714
-0.011975,0.442811366699181,-0.507536397116402
-0.01195,0.411191163738289,-0.506867041656831
-0.011925,0.380902337744172,-0.506867041656831
-0.0119,0.351944888716829,-0.506867041656831
-0.011875,0.323985972414567,-0.507201719386617
-0.01185,0.297025588837386,-0.507201719386617
-0.011825,0.271396582226979,-0.507201719386617
-0.0118,0.246433264099959,-0.506867041656831
-0.011775,0.222135634456327,-0.507201719386617
-0.01175,0.198836537537775,-0.507201719386617
-0.011725,0.176535973344304,-0.506867041656831
-0.0117,0.154568253392527,-0.507201719386617
-0.011675,0.133266221924137,-0.507201719386617
-0.01165,0.112962723180828,-0.507201719386617
-0.011625,0.0933249129209055,-0.507201719386617
-0.0116,0.074019946902677,-0.506867041656831
-0.011575,0.0553806693678356,-0.506532363927046
-0.01155,0.0374070803163815,-0.506867041656831
-0.011525,0.0200991797483145,-0.506867041656831
-0.0115,0.00312412342194114,-0.506867041656831
-0.011475,-0.0135180886627386,-0.507201719386617
-0.01145,-0.0294946122640312,-0.507536397116402
-0.011425,-0.0448054473819366,-0.507201719386617
-0.0114,-0.0597834382581484,-0.507536397116402
-0.011375,-0.074095740650973,-0.507201719386617
-0.01135,-0.088075198802104,-0.507536397116402
-0.011325,-0.101388968469848,-0.507536397116402
-0.0113,-0.114369893895898,-0.507536397116402
-0.011275,-0.126685130838561,-0.507536397116402
-0.01125,-0.139000367781224,-0.507536397116402
-0.011225,-0.1506499162405,-0.507201719386617
-0.0112,-0.161966620458082,-0.507201719386617
-0.011175,-0.172617636192277,-0.507201719386617
-0.01115,-0.183268651926472,-0.507201719386617
-0.011125,-0.193586823418974,-0.507201719386617
-0.0111,-0.203572150669782,-0.507201719386617
-0.011075,-0.212891789437202,-0.507201719386617
-0.01105,-0.222211428204623,-0.507201719386617
-0.011025,-0.230532534246963,-0.507201719386617
-0.011,-0.239186484530996,-0.507201719386617
-0.010975,-0.247507590573336,-0.507201719386617
-0.01095,-0.255163008132289,-0.507536397116402
-0.010925,-0.263484114174629,-0.506867041656831
-0.0109,-0.270473843250194,-0.507201719386617
-0.010875,-0.277796416567453,-0.507201719386617
-0.01085,-0.284786145643019,-0.507201719386617
-0.010825,-0.291443030476891,-0.507201719386617
-0.0108,-0.297767071069069,-0.507201719386617
-0.010775,-0.304091111661247,-0.507201719386617
-0.01075,-0.310082308011732,-0.507201719386617
-0.010725,-0.316073504362217,-0.507201719386617
-0.0107,-0.322064700712701,-0.507201719386617
-0.010675,-0.327390208579799,-0.507201719386617
-0.01065,-0.332382872205203,-0.507201719386617
-0.010625,-0.337375535830607,-0.507201719386617
-0.0106,-0.342701043697704,-0.507201719386617
-0.010575,-0.347360863081415,-0.507536397116402
-0.01055,-0.352020682465125,-0.507201719386617
-0.010525,-0.356680501848835,-0.507201719386617
-0.0105,-0.360674632749159,-0.507201719386617
-0.010475,-0.365001607891175,-0.507201719386617
-0.01045,-0.369328583033192,-0.506867041656831
-0.010425,-0.373322713933515,-0.507201719386617
-0.0104,-0.376984000592145,-0.507201719386617
-0.010375,-0.380645287250774,-0.507201719386617
-0.01035,-0.384306573909404,-0.506867041656831
-0.010325,-0.387967860568033,-0.507201719386617
-0.0103,-0.390963458743276,-0.506867041656831
-0.010275,-0.394291901160212,-0.506867041656831
-0.01025,-0.397620343577148,-0.507201719386617
-0.010225,-0.40061594175239,-0.507201719386617
-0.0102,-0.403611539927632,-0.507201719386617
-0.010175,-0.406607138102875,-0.507201719386617
-0.01015,-0.409602736278117,-0.507201719386617
-0.010125,-0.412265490211666,-0.507201719386617
-0.0101,-0.414595399903521,-0.507201719386617
-0.010075,-0.416925309595376,-0.507536397116402
-0.01005,-0.419588063528925,-0.507201719386617
-0.010025,-0.42191797322078,-0.507201719386617
-0.01,-0.424247882912635,-0.507201719386617
-0.009975,-0.42657779260449,-0.507536397116402
-0.00995,-0.428907702296346,-0.507201719386617
-0.009925,-0.430904767746507,-0.507201719386617
-0.0099,-0.432901833196669,-0.507536397116402
-0.009875,-0.43489889864683,-0.507201719386617
-0.00985,-0.436895964096992,-0.507201719386617
-0.009825,-0.43856018530546,-0.507201719386617
-0.0098,-0.440557250755621,-0.507536397116402
-0.009775,-0.441888627722396,-0.507201719386617
-0.00975,-0.443885693172557,-0.507201719386617
-0.009725,-0.445549914381025,-0.507201719386617
-0.0097,-0.447546979831187,-0.507201719386617
-0.009675,-0.448878356797961,-0.507201719386617
-0.00965,-0.450542578006429,-0.507536397116402
-0.009625,-0.451873954973204,-0.507536397116402
-0.0096,-0.453205331939978,-0.507536397116402
-0.009575,-0.454536708906752,-0.507201719386617
-0.00955,-0.455868085873527,-0.507536397116402
-0.009525,-0.457199462840301,-0.507201719386617
-0.0095,-0.458530839807076,-0.507201719386617
-0.009475,-0.459529372532156,-0.507536397116402
-0.00945,-0.460860749498931,-0.507201719386617
-0.009425,-0.461859282224012,-0.507201719386617
-0.0094,-0.462857814949092,-0.507201719386617
-0.009375,-0.464189191915867,-0.507536397116402
-0.00935,-0.465187724640948,-0.507201719386617
-0.009325,-0.466186257366028,-0.507201719386617
-0.0093,-0.466851945849415,-0.507201719386617
-0.009275,-0.467850478574496,-0.506867041656831
-0.00925,-0.468849011299577,-0.507201719386617
-0.009225,-0.469847544024658,-0.507201719386617
-0.0092,-0.470846076749739,-0.507536397116402
-0.009175,-0.471511765233126,-0.507201719386617
-0.00915,-0.472177453716513,-0.506867041656831
-0.009125,-0.473175986441594,-0.506867041656831
-0.0091,-0.473841674924981,-0.507201719386617
-0.009075,-0.474507363408368,-0.507201719386617
-0.00905,-0.475505896133449,-0.507201719386617
-0.009025,-0.47650442885853,-0.507536397116402
-0.009,-0.476837273100223,-0.507536397116402
-0.008975,-0.477502961583611,-0.507201719386617
-0.00895,-0.478168650066998,-0.507201719386617
-0.008925,-0.478834338550385,-0.507201719386617
-0.0089,-0.479500027033772,-0.507536397116402
-0.008875,-0.479832871275466,-0.507201719386617
-0.00885,-0.480498559758853,-0.507201719386617
-0.008825,-0.48116424824224,-0.507536397116402
-0.0088,-0.481497092483934,-0.507536397116402
-0.008775,-0.482162780967321,-0.507201719386617
-0.00875,-0.482495625209014,-0.507201719386617
-0.008725,-0.483161313692402,-0.507201719386617
-0.0087,-0.483494157934095,-0.507536397116402
-0.008675,-0.483827002175789,-0.507201719386617
-0.00865,-0.484492690659176,-0.507201719386617
-0.008625,-0.48482553490087,-0.507201719386617
-0.0086,-0.485158379142563,-0.507201719386617
-0.008575,-0.48582406762595,-0.507536397116402
-0.00855,-0.486156911867644,-0.507536397116402
-0.008525,-0.486489756109338,-0.507536397116402
-0.0085,-0.486822600351031,-0.507201719386617
-0.008475,-0.487155444592725,-0.507536397116402
-0.00845,-0.487821133076112,-0.507536397116402
-0.008425,-0.488153977317806,-0.507201719386617
-0.0084,-0.488486821559499,-0.507201719386617
-0.008375,-0.488486821559499,-0.507536397116402
-0.00835,-0.489152510042886,-0.507201719386617
-0.008325,-0.489152510042886,-0.507201719386617
-0.0083,-0.48948535428458,-0.507201719386617
-0.008275,-0.489818198526274,-0.507201719386617
-0.00825,-0.490151042767967,-0.506867041656831
-0.008225,-0.490483887009661,-0.506867041656831
-0.0082,-0.490816731251354,-0.506867041656831
-0.008175,-0.491149575493048,-0.507536397116402
-0.00815,-0.491149575493048,-0.507201719386617
-0.008125,-0.491482419734742,-0.507201719386617
-0.0081,-0.491815263976435,-0.506867041656831
-0.008075,-0.491815263976435,-0.506867041656831
-0.00805,-0.492148108218129,-0.506867041656831
-0.008025,-0.492480952459822,-0.506532363927046
-0.008,-0.492480952459822,-0.507201719386617
-0.007975,-0.492480952459822,-0.506867041656831
-0.00795,-0.492813796701516,-0.507201719386617
-0.007925,-0.49314664094321,-0.507201719386617
-0.0079,-0.49314664094321,-0.507201719386617
-0.007875,-0.493479485184903,-0.506867041656831
-0.00785,-0.493812329426597,-0.507201719386617
-0.007825,-0.493812329426597,-0.506867041656831
-0.0078,-0.493812329426597,-0.507201719386617
-0.007775,-0.49414517366829,-0.507201719386617
-0.00775,-0.49414517366829,-0.507201719386617
-0.007725,-0.494478017909984,-0.506867041656831
-0.0077,-0.494478017909984,-0.507201719386617
-0.007675,-0.494810862151678,-0.507201719386617
-0.00765,-0.494810862151678,-0.507201719386617
-0.007625,-0.494810862151678,-0.506867041656831
-0.0076,-0.495143706393371,-0.507201719386617
-0.007575,-0.495143706393371,-0.507201719386617
-0.00755,-0.495143706393371,-0.506867041656831
-0.007525,-0.495476550635065,-0.506867041656831
-0.0075,-0.495476550635065,-0.507201719386617
-0.007475,-0.495476550635065,-0.507201719386617
-0.00745,-0.495809394876758,-0.507536397116402
-0.007425,-0.495809394876758,-0.507201719386617
-0.0074,-0.496142239118452,-0.507201719386617
-0.007375,-0.496142239118452,-0.506867041656831
-0.00735,-0.496142239118452,-0.506867041656831
-0.007325,-0.496142239118452,-0.507201719386617
-0.0073,-0.496475083360146,-0.507201719386617
-0.007275,-0.496475083360146,-0.507201719386617
-0.00725,-0.496475083360146,-0.507201719386617
-0.007225,-0.496807927601839,-0.507201719386617
-0.0072,-0.496807927601839,-0.507201719386617
-0.007175,-0.496807927601839,-0.507536397116402
-0.00715,-0.497140771843533,-0.507536397116402
-0.007125,-0.496807927601839,-0.507536397116402
-0.0071,-0.497140771843533,-0.507201719386617
-0.007075,-0.497140771843533,-0.507201719386617
-0.00705,-0.497140771843533,-0.507536397116402
-0.007025,-0.497140771843533,-0.507201719386617
-0.007,-0.486156911867644,0.296694187557755
-0.006975,-0.453871020423365,0.492480659482175
-0.00695,-0.42191797322078,0.49214598175239
-0.006925,-0.391961991468357,0.491811304022605
-0.0069,-0.36267169819932,0.491811304022605
-0.006875,-0.335045626138752,0.491811304022605
-0.00685,-0.308085242561571,0.491811304022605
-0.006825,-0.28212339170947,0.491811304022605
-0.0068,-0.25716007358245,0.49214598175239
-0.006775,-0.232862443938818,0.491811304022605
-0.00675,-0.209563347020266,0.491811304022605
-0.006725,-0.186929938585102,0.491811304022605
-0.0067,-0.164962218633325,0.491811304022605
-0.006675,-0.143993031406628,0.49214598175239
-0.00665,-0.123356688421625,0.49214598175239
-0.006625,-0.103053189678316,0.491811304022605
-0.0066,-0.0837482236600872,0.491811304022605
-0.006575,-0.0651089461252459,0.491811304022605
-0.00655,-0.0468025128320982,0.49214598175239
-0.006525,-0.0291617680223376,0.49214598175239
-0.0065,-0.0121867116959642,0.491811304022605
-0.006475,0.00445550038871552,0.49214598175239
-0.00645,0.0204320239900081,0.49214598175239
-0.006425,0.0357428591079135,0.492480659482175
-0.0064,0.0510536942258189,0.49214598175239
-0.006375,0.0653659966186435,0.49214598175239
-0.00635,0.0793454547697745,0.49214598175239
-0.006325,0.0929920686792119,0.49214598175239
-0.0063,0.105972994105262,0.49214598175239
-0.006275,0.118621075289619,0.49214598175239
-0.00625,0.130603467990588,0.492480659482175
-0.006225,0.142253016449864,0.492480659482175
-0.0062,0.15390256490914,0.492480659482175
-0.006175,0.164220736401641,0.49214598175239
-0.00615,0.17520459637753,0.49214598175239
-0.006125,0.185189923628338,0.49214598175239
-0.0061,0.195175250879146,0.49214598175239
-0.006075,0.20482773388826,0.491811304022605
-0.00605,0.213814528413987,0.49214598175239
-0.006025,0.222468478698021,0.49214598175239
-0.006,0.23078958474036,0.49214598175239
-0.005975,0.2391106907827,0.49214598175239
-0.00595,0.247098952583347,0.49214598175239
-0.005925,0.254421525900606,0.491811304022605
-0.0059,0.262076943459558,0.49214598175239
-0.005875,0.269066672535124,0.49214598175239
-0.00585,0.276056401610689,0.491811304022605
-0.005825,0.282713286444561,0.49214598175239
-0.0058,0.289370171278433,0.49214598175239
-0.005775,0.295361367628918,0.49214598175239
-0.00575,0.301352563979403,0.491811304022605
-0.005725,0.307343760329887,0.491811304022605
-0.0057,0.312669268196985,0.491811304022605
-0.005675,0.318327620305776,0.49214598175239
-0.00565,0.323653128172874,0.49214598175239
-0.005625,0.328645791798277,0.49214598175239
-0.0056,0.333638455423681,0.49214598175239
-0.005575,0.338298274807392,0.49214598175239
-0.00555,0.343290938432796,0.49214598175239
-0.005525,0.347617913574812,0.49214598175239
-0.0055,0.351944888716829,0.49214598175239
-0.005475,0.355939019617152,0.49214598175239
-0.00545,0.359933150517475,0.49214598175239
-0.005425,0.364260125659492,0.492480659482175
-0.0054,0.368254256559815,0.49214598175239
-0.005375,0.371915543218445,0.49214598175239
-0.00535,0.375243985635381,0.49214598175239
-0.005325,0.37890527229401,0.49214598175239
-0.0053,0.381900870469253,0.49214598175239
-0.005275,0.385562157127882,0.49214598175239
-0.00525,0.388890599544818,0.492480659482175
-0.005225,0.391886197720061,0.49214598175239
-0.0052,0.394548951653609,0.49214598175239
-0.005175,0.397544549828852,0.49214598175239
-0.00515,0.4002073037624,0.492480659482175
-0.005125,0.402870057695949,0.49214598175239
-0.0051,0.405532811629498,0.492480659482175
-0.005075,0.407862721321353,0.49214598175239
-0.00505,0.410525475254902,0.49214598175239
-0.005025,0.412855384946757,0.49214598175239
-0.005,0.415185294638612,0.491811304022605
-0.004975,0.417182360088774,0.491811304022605
-0.00495,0.419179425538935,0.49214598175239
-0.004925,0.421509335230791,0.491811304022605
-0.0049,0.423506400680952,0.491811304022605
-0.004875,0.425503466131114,0.491811304022605
-0.00485,0.427500531581275,0.49214598175239
-0.004825,0.429164752789743,0.49214598175239
-0.0048,0.431161818239905,0.49214598175239
-0.004775,0.432826039448373,0.49214598175239
-0.00475,0.434490260656841,0.49214598175239
-0.004725,0.436154481865309,0.49214598175239
-0.0047,0.437818703073777,0.49214598175239
-0.004675,0.439482924282245,0.49214598175239
-0.00465,0.440814301249019,0.492480659482175
-0.004625,0.442478522457487,0.49214598175239
-0.0046,0.443809899424261,0.49214598175239
-0.004575,0.445141276391036,0.49214598175239
-0.00455,0.44647265335781,0.49214598175239
-0.004525,0.448136874566278,0.492480659482175
-0.0045,0.449135407291359,0.49214598175239
-0.004475,0.450466784258133,0.492480659482175
-0.00445,0.451798161224908,0.492480659482175
-0.004425,0.452796693949988,0.49214598175239
-0.0044,0.453795226675069,0.49214598175239
-0.004375,0.45479375940015,0.49214598175239
-0.00435,0.455792292125231,0.49214598175239
-0.004325,0.456790824850312,0.49214598175239
-0.0043,0.457789357575392,0.492480659482175
-0.004275,0.458787890300473,0.49214598175239
-0.00425,0.459786423025554,0.49214598175239
-0.004225,0.460784955750635,0.49214598175239
-0.0042,0.461450644234022,0.49214598175239
-0.004175,0.462116332717409,0.49214598175239
-0.00415,0.46311486544249,0.49214598175239
-0.004125,0.463780553925877,0.49214598175239
-0.0041,0.464779086650958,0.49214598175239
-0.004075,0.465444775134345,0.49214598175239
-0.00405,0.466110463617732,0.49214598175239
-0.004025,0.467108996342813,0.49214598175239
-0.004,0.467441840584507,0.49214598175239
-0.003975,0.468107529067894,0.492480659482175
-0.00395,0.468773217551281,0.49214598175239
-0.003925,0.469438906034668,0.492480659482175
-0.0039,0.470104594518055,0.49214598175239
-0.003875,0.470770283001443,0.49214598175239
-0.00385,0.471103127243136,0.49214598175239
-0.003825,0.471768815726523,0.49214598175239
-0.0038,0.472434504209911,0.49214598175239
-0.003775,0.472767348451604,0.492480659482175
-0.00375,0.473433036934991,0.49214598175239
-0.003725,0.473765881176685,0.49214598175239
-0.0037,0.474431569660072,0.49214598175239
-0.003675,0.474764413901766,0.49214598175239
-0.00365,0.475097258143459,0.492480659482175
-0.003625,0.475762946626847,0.492480659482175
-0.0036,0.47609579086854,0.49214598175239
-0.003575,0.476428635110234,0.49214598175239
-0.00355,0.477094323593621,0.49214598175239
-0.003525,0.477427167835315,0.492480659482175
-0.0035,0.477760012077008,0.49214598175239
-0.003475,0.478092856318702,0.49214598175239
-0.00345,0.478425700560395,0.49214598175239
-0.003425,0.478758544802089,0.49214598175239
-0.0034,0.478758544802089,0.492480659482175
-0.003375,0.47975707752717,0.49214598175239
-0.00335,0.47975707752717,0.492480659482175
-0.003325,0.480089921768863,0.49214598175239
-0.0033,0.480422766010557,0.492480659482175
-0.003275,0.48075561025225,0.49214598175239
-0.00325,0.481088454493944,0.49214598175239
-0.003225,0.481088454493944,0.492480659482175
-0.0032,0.481421298735638,0.49214598175239
-0.003175,0.481754142977331,0.49214598175239
-0.00315,0.481754142977331,0.49214598175239
-0.003125,0.482419831460718,0.491811304022605
-0.0031,0.482419831460718,0.49214598175239
-0.003075,0.482752675702412,0.49214598175239
-0.00305,0.483085519944106,0.49214598175239
-0.003025,0.483085519944106,0.492480659482175
-0.003,0.483418364185799,0.49214598175239
-0.002975,0.483418364185799,0.492480659482175
-0.00295,0.483751208427493,0.49214598175239
-0.002925,0.484084052669186,0.49214598175239
-0.0029,0.484084052669186,0.491811304022605
-0.002875,0.48441689691088,0.49214598175239
-0.00285,0.48441689691088,0.491811304022605
-0.002825,0.48441689691088,0.49214598175239
-0.0028,0.484749741152574,0.49214598175239
-0.002775,0.484749741152574,0.491811304022605
-0.00275,0.485082585394267,0.49214598175239
-0.002725,0.485082585394267,0.49214598175239
-0.0027,0.485082585394267,0.49214598175239
-0.002675,0.485415429635961,0.491811304022605
-0.00265,0.485748273877654,0.49214598175239
-0.002625,0.485748273877654,0.49214598175239
-0.0026,0.485748273877654,0.49214598175239
-0.002575,0.486081118119348,0.49214598175239
-0.00255,0.486081118119348,0.49214598175239
-0.002525,0.486413962361042,0.492480659482175
-0.0025,0.486413962361042,0.49214598175239
-0.002475,0.486413962361042,0.492480659482175
-0.00245,0.486413962361042,0.49214598175239
-0.002425,0.486413962361042,0.49214598175239
-0.0024,0.486746806602735,0.49214598175239
-0.002375,0.487079650844429,0.49214598175239
-0.00235,0.487079650844429,0.49214598175239
-0.002325,0.487079650844429,0.491811304022605
-0.0023,0.487079650844429,0.49214598175239
-0.002275,0.487412495086122,0.49214598175239
-0.00225,0.487412495086122,0.49214598175239
-0.002225,0.487745339327816,0.49214598175239
-0.0022,0.487412495086122,0.49214598175239
-0.002175,0.487745339327816,0.49214598175239
-0.00215,0.487745339327816,0.49214598175239
-0.002125,0.487745339327816,0.49214598175239
-0.0021,0.487745339327816,0.49214598175239
-0.002075,0.48807818356951,0.49214598175239
-0.00205,0.48807818356951,0.49214598175239
-0.002025,0.48807818356951,0.491811304022605
-0.002,0.475762946626847,-0.350237864117295
-0.001975,0.442811366699181,-0.507871074846187
-0.00195,0.411191163738289,-0.507536397116402
-0.001925,0.381235181985865,-0.507201719386617
-0.0019,0.352277732958523,-0.506867041656831
-0.001875,0.323985972414567,-0.507201719386617
-0.00185,0.297358433079079,-0.507536397116402
-0.001825,0.271396582226979,-0.507201719386617
-0.0018,0.246433264099959,-0.507201719386617
-0.001775,0.222468478698021,-0.507201719386617
-0.00175,0.199169381779469,-0.506867041656831
-0.001725,0.176535973344304,-0.506867041656831
-0.0017,0.154901097634221,-0.507201719386617
-0.001675,0.133599066165831,-0.507201719386617
-0.00165,0.113295567422521,-0.507201719386617
-0.001625,0.0936577571625991,-0.507201719386617
-0.0016,0.074019946902677,-0.507201719386617
-0.001575,0.0557135136095292,-0.507201719386617
-0.00155,0.0377399245580751,-0.507201719386617
-0.001525,0.0200991797483145,-0.507201719386617
-0.0015,0.00345696766363474,-0.507201719386617
-0.001475,-0.0135180886627386,-0.507201719386617
-0.00145,-0.0291617680223376,-0.507201719386617
-0.001425,-0.044472603140243,-0.507536397116402
-0.0014,-0.0594505940164548,-0.507536397116402
-0.001375,-0.0737628964092794,-0.507536397116402
-0.00135,-0.0877423545604104,-0.507201719386617
-0.001325,-0.101056124228154,-0.507536397116402
-0.0013,-0.114369893895898,-0.507536397116402
-0.001275,-0.126685130838561,-0.507536397116402
-0.00125,-0.13866752353953,-0.507201719386617
-0.001225,-0.1506499162405,-0.506867041656831
-0.0012,-0.161966620458082,-0.507201719386617
-0.001175,-0.172950480433971,-0.507201719386617
-0.00115,-0.183268651926472,-0.507201719386617
-0.001125,-0.193586823418974,-0.507201719386617
-0.0011,-0.203572150669782,-0.507201719386617
-0.001075,-0.212891789437202,-0.507536397116402
-0.00105,-0.221878583962929,-0.507871074846187
-0.001025,-0.230865378488656,-0.507536397116402
-0.000999999999999999,-0.23951932877269,-0.507536397116402
-0.000975000000000002,-0.247174746331643,-0.507201719386617
-0.000949999999999999,-0.255495852373982,-0.507536397116402
-0.000925000000000002,-0.263151269932935,-0.507201719386617
-0.000899999999999998,-0.270473843250194,-0.507201719386617
-0.000875000000000001,-0.277796416567453,-0.507201719386617
-0.000849999999999998,-0.284786145643019,-0.507201719386617
-0.000825000000000001,-0.291443030476891,-0.507536397116402
-0.000799999999999999,-0.297767071069069,-0.507536397116402
-0.000775000000000001,-0.304091111661247,-0.507536397116402
-0.000749999999999999,-0.310082308011732,-0.507536397116402
-0.000725000000000002,-0.315740660120523,-0.507536397116402
-0.000699999999999999,-0.321731856471008,-0.507201719386617
-0.000675000000000002,-0.327057364338105,-0.507201719386617
-0.000649999999999998,-0.332382872205203,-0.507201719386617
-0.000625000000000001,-0.337375535830607,-0.507536397116402
-0.000599999999999998,-0.342368199456011,-0.507536397116402
-0.000575000000000001,-0.347360863081415,-0.507201719386617
-0.000549999999999998,-0.352020682465125,-0.507201719386617
-0.000525000000000001,-0.356680501848835,-0.507201719386617
-0.000499999999999999,-0.361007476990852,-0.507201719386617
-0.000475000000000001,-0.365001607891175,-0.507536397116402
-0.000449999999999999,-0.369328583033192,-0.507536397116402
-0.000425000000000002,-0.373322713933515,-0.507201719386617
-0.000399999999999998,-0.376984000592145,-0.507536397116402
-0.000375,-0.380645287250774,-0.507536397116402
-0.000349999999999998,-0.384306573909404,-0.507536397116402
-0.000325000000000001,-0.387967860568033,-0.507536397116402
-0.000299999999999998,-0.391296302984969,-0.507201719386617
-0.000275000000000001,-0.394291901160212,-0.506867041656831
-0.000249999999999998,-0.397287499335454,-0.506867041656831
-0.000225000000000001,-0.40061594175239,-0.507201719386617
-0.000199999999999999,-0.403611539927632,-0.507201719386617
-0.000175000000000002,-0.406607138102875,-0.507201719386617
-0.000149999999999997,-0.409269892036424,-0.507536397116402
-0.000125,-0.411932645969972,-0.507201719386617
-9.99999999999977E-05,-0.414928244145215,-0.507536397116402
-7.50000000000004E-05,-0.41725815383707,-0.507201719386617
-4.9999999999998E-05,-0.419588063528925,-0.507201719386617
-2.50000000000007E-05,-0.42191797322078,-0.507536397116402
1.73472347597681E-18,-0.424247882912635,-0.507201719386617
2.4999999999999E-05,-0.42657779260449,-0.507536397116402
5.00000000000014E-05,-0.428907702296346,-0.507536397116402
7.49999999999987E-05,-0.430904767746507,-0.507536397116402
0.000100000000000003,-0.432901833196669,-0.507871074846187
0.000125,-0.43489889864683,-0.507201719386617
0.000150000000000003,-0.436895964096992,-0.507201719386617
0.000175,-0.43856018530546,-0.507536397116402
0.000200000000000002,-0.440224406513928,-0.507201719386617
0.000225,-0.442221471964089,-0.507536397116402
0.000250000000000002,-0.443885693172557,-0.507536397116402
0.000274999999999999,-0.445549914381025,-0.507536397116402
0.000300000000000002,-0.447214135589493,-0.507201719386617
0.000324999999999999,-0.448878356797961,-0.507201719386617
0.000350000000000003,-0.450542578006429,-0.507201719386617
0.000375,-0.451873954973204,-0.507536397116402
0.000400000000000003,-0.453205331939978,-0.507536397116402
0.000425,-0.454869553148446,-0.507536397116402
0.000450000000000002,-0.455868085873527,-0.507536397116402
0.000475,-0.457199462840301,-0.507201719386617
0.000500000000000002,-0.458530839807076,-0.507201719386617
0.000524999999999999,-0.459529372532156,-0.507536397116402
0.000550000000000002,-0.460860749498931,-0.507201719386617
0.000574999999999999,-0.462192126465705,-0.507201719386617
0.000600000000000003,-0.462857814949092,-0.507201719386617
0.000625000000000001,-0.464189191915867,-0.507201719386617
0.000650000000000003,-0.464854880399254,-0.507201719386617
0.000675,-0.466186257366028,-0.507536397116402
0.000700000000000003,-0.467184790091109,-0.507536397116402
0.000725,-0.467850478574496,-0.507536397116402
0.000750000000000002,-0.468849011299577,-0.507201719386617
0.000775,-0.469847544024658,-0.507201719386617
0.000800000000000002,-0.470846076749739,-0.507536397116402
0.000824999999999999,-0.471844609474819,-0.507536397116402
0.000850000000000004,-0.472510297958207,-0.507536397116402
0.000875000000000001,-0.473508830683287,-0.507536397116402
0.000900000000000003,-0.474174519166675,-0.507536397116402
0.000925,-0.474840207650062,-0.507536397116402
0.000950000000000003,-0.475505896133449,-0.507201719386617
0.000975,-0.47650442885853,-0.507201719386617
0.000999999999999997,-0.476837273100223,-0.507201719386617
0.001025,-0.477502961583611,-0.507201719386617
0.00105,-0.478168650066998,-0.507536397116402
0.001075,-0.478834338550385,-0.507201719386617
0.0011,-0.479167182792079,-0.507201719386617
0.001125,-0.479832871275466,-0.507201719386617
0.00115,-0.480498559758853,-0.507201719386617
0.001175,-0.48116424824224,-0.507201719386617
0.0012,-0.481497092483934,-0.507201719386617
0.001225,-0.482162780967321,-0.507201719386617
0.00125,-0.482495625209014,-0.507201719386617
0.001275,-0.482828469450708,-0.507201719386617
0.0013,-0.483494157934095,-0.507201719386617
0.001325,-0.484159846417482,-0.507201719386617
0.00135,-0.484492690659176,-0.507201719386617
0.001375,-0.48482553490087,-0.507201719386617
0.0014,-0.485158379142563,-0.507201719386617
0.001425,-0.48582406762595,-0.507201719386617
0.00145,-0.486156911867644,-0.507536397116402
0.001475,-0.486489756109338,-0.507536397116402
0.0015,-0.486822600351031,-0.507201719386617
0.001525,-0.487155444592725,-0.507201719386617
0.00155,-0.487488288834418,-0.507201719386617
0.001575,-0.487821133076112,-0.507201719386617
0.0016,-0.488153977317806,-0.507536397116402
0.001625,-0.488819665801193,-0.507536397116402
0.00165,-0.488819665801193,-0.507201719386617
0.001675,-0.489152510042886,-0.507536397116402
0.0017,-0.48948535428458,-0.507536397116402
0.001725,-0.489818198526274,-0.507536397116402
0.00175,-0.490151042767967,-0.507536397116402
0.001775,-0.490483887009661,-0.506867041656831
0.0018,-0.490816731251354,-0.506867041656831
0.001825,-0.491149575493048,-0.507201719386617
0.00185,-0.490816731251354,-0.506867041656831
0.001875,-0.491482419734742,-0.507201719386617
0.0019,-0.491482419734742,-0.507536397116402
0.001925,-0.491815263976435,-0.507536397116402
0.00195,-0.492148108218129,-0.507201719386617
0.001975,-0.492148108218129,-0.507201719386617
0.002,-0.492480952459822,-0.507536397116402
0.002025,-0.492813796701516,-0.507536397116402
0.00205,-0.492813796701516,-0.507201719386617
0.002075,-0.49314664094321,-0.507201719386617
0.0021,-0.493479485184903,-0.506867041656831
0.002125,-0.493479485184903,-0.507201719386617
0.00215,-0.493479485184903,-0.506867041656831
0.002175,-0.493812329426597,-0.507201719386617
0.0022,-0.49414517366829,-0.507201719386617
0.002225,-0.49414517366829,-0.507201719386617
0.00225,-0.494478017909984,-0.507201719386617
0.002275,-0.494478017909984,-0.507201719386617
0.0023,-0.494810862151678,-0.507201719386617
0.002325,-0.494810862151678,-0.507536397116402
0.00235,-0.494810862151678,-0.507536397116402
0.002375,-0.495143706393371,-0.507201719386617
0.0024,-0.495143706393371,-0.507536397116402
0.002425,-0.495143706393371,-0.507536397116402
0.00245,-0.495476550635065,-0.507536397116402
0.002475,-0.495476550635065,-0.507201719386617
0.0025,-0.495476550635065,-0.507201719386617
0.002525,-0.495809394876758,-0.507201719386617
0.00255,-0.495809394876758,-0.507201719386617
0.002575,-0.496142239118452,-0.506867041656831
0.0026,-0.496142239118452,-0.507201719386617
0.002625,-0.496142239118452,-0.507201719386617
0.00265,-0.496475083360146,-0.507536397116402
0.002675,-0.496475083360146,-0.507536397116402
0.0027,-0.496475083360146,-0.507536397116402
0.002725,-0.496475083360146,-0.507201719386617
0.00275,-0.496807927601839,-0.507201719386617
0.002775,-0.496807927601839,-0.506867041656831
0.0028,-0.496807927601839,-0.507201719386617
0.002825,-0.496807927601839,-0.507201719386617
0.00285,-0.497140771843533,-0.507536397116402
0.002875,-0.497140771843533,-0.507201719386617
0.0029,-0.497140771843533,-0.507201719386617
0.002925,-0.497140771843533,-0.507536397116402
0.00295,-0.497140771843533,-0.507201719386617
0.002975,-0.497473616085226,-0.507201719386617
0.003,-0.486489756109338,0.287657888853551
0.003025,-0.453871020423365,0.492480659482175
0.00305,-0.422250817462474,0.491811304022605
0.003075,-0.391961991468357,0.491811304022605
0.0031,-0.363337386682707,0.491476626292819
0.003125,-0.335378470380445,0.491811304022605
0.00315,-0.308418086803264,0.491811304022605
0.003175,-0.282456235951164,0.49214598175239
0.0032,-0.25716007358245,0.491811304022605
0.003225,-0.233195288180512,0.491811304022605
0.00325,-0.20989619126196,0.491811304022605
0.003275,-0.187262782826795,0.49214598175239
0.0033,-0.165295062875018,0.491811304022605
0.003325,-0.143993031406628,0.491811304022605
0.00335,-0.123356688421625,0.491811304022605
0.003375,-0.103386033920009,0.491811304022605
0.0034,-0.0840810679017809,0.491811304022605
0.003425,-0.0654417903669395,0.491811304022605
0.00345,-0.0471353570737918,0.491811304022605
0.003475,-0.0294946122640312,0.491811304022605
0.0035,-0.0125195559376578,0.491811304022605
0.003525,0.00412265614702192,0.491811304022605
0.00355,0.0200991797483145,0.491811304022605
0.003575,0.0357428591079135,0.491811304022605
0.0036,0.0507208499841253,0.49214598175239
0.003625,0.0653659966186435,0.49214598175239
0.00365,0.0790126105280809,0.49214598175239
0.003675,0.0929920686792119,0.49214598175239
0.0037,0.105640149863569,0.491811304022605
0.003725,0.118621075289619,0.49214598175239
0.00375,0.130270623748895,0.49214598175239
0.003775,0.142253016449864,0.49214598175239
0.0038,0.153569720667446,0.49214598175239
0.003825,0.164553580643335,0.491811304022605
0.00385,0.174871752135836,0.49214598175239
0.003875,0.184857079386644,0.491811304022605
0.0039,0.194842406637452,0.491811304022605
0.003925,0.204162045404873,0.491811304022605
0.00395,0.213481684172293,0.49214598175239
0.003975,0.222135634456327,0.491811304022605
0.004,0.23078958474036,0.491811304022605
0.004025,0.2391106907827,0.49214598175239
0.00405,0.246766108341653,0.491811304022605
0.004075,0.254754370142299,0.49214598175239
0.0041,0.262076943459558,0.49214598175239
0.004125,0.269066672535124,0.49214598175239
0.00415,0.276056401610689,0.49214598175239
0.004175,0.283046130686255,0.49214598175239
0.0042,0.28903732703674,0.49214598175239
0.004225,0.295361367628918,0.49214598175239
0.00425,0.301685408221096,0.49214598175239
0.004275,0.307676604571581,0.49214598175239
0.0043,0.313002112438678,0.49214598175239
0.004325,0.318327620305776,0.49214598175239
0.00435,0.323985972414567,0.49214598175239
0.004375,0.328978636039971,0.49214598175239
0.0044,0.333638455423681,0.49214598175239
0.004425,0.338631119049085,0.49214598175239
0.00445,0.343290938432796,0.49214598175239
0.004475,0.347617913574812,0.49214598175239
0.0045,0.352277732958523,0.49214598175239
0.004525,0.356271863858846,0.49214598175239
0.00455,0.360265994759169,0.49214598175239
0.004575,0.364260125659492,0.49214598175239
0.0046,0.367921412318122,0.49214598175239
0.004625,0.371915543218445,0.49214598175239
0.00465,0.375243985635381,0.49214598175239
0.004675,0.378572428052317,0.49214598175239
0.0047,0.381900870469253,0.49214598175239
0.004725,0.385229312886189,0.49214598175239
0.00475,0.388557755303125,0.49214598175239
0.004775,0.391553353478367,0.49214598175239
0.0048,0.394548951653609,0.491811304022605
0.004825,0.397544549828852,0.49214598175239
0.00485,0.399874459520707,0.49214598175239
0.004875,0.402870057695949,0.491811304022605
0.0049,0.405532811629498,0.49214598175239
0.004925,0.408195565563047,0.49214598175239
0.00495,0.410525475254902,0.49214598175239
0.004975,0.412855384946757,0.49214598175239
0.005,0.415185294638612,0.49214598175239
0.005025,0.417515204330467,0.49214598175239
0.00505,0.419512269780629,0.49214598175239
0.005075,0.421509335230791,0.49214598175239
0.0051,0.423839244922646,0.49214598175239
0.005125,0.425503466131114,0.492480659482175
0.00515,0.427833375822969,0.492480659482175
0.005175,0.429497597031437,0.49214598175239
0.0052,0.431161818239905,0.49214598175239
0.005225,0.432826039448373,0.49214598175239
0.00525,0.434490260656841,0.49214598175239
0.005275,0.436154481865309,0.491811304022605
0.0053,0.437818703073777,0.491811304022605
0.005325,0.439150080040551,0.49214598175239
0.00535,0.440814301249019,0.491811304022605
0.005375,0.442145678215793,0.491811304022605
0.0054,0.443809899424261,0.49214598175239
0.005425,0.444808432149342,0.49214598175239
0.00545,0.44647265335781,0.491811304022605
0.005475,0.447804030324585,0.49214598175239
0.0055,0.449135407291359,0.491811304022605
0.005525,0.45013394001644,0.49214598175239
0.00555,0.451465316983214,0.49214598175239
0.005575,0.452463849708295,0.49214598175239
0.0056,0.453462382433376,0.49214598175239
0.005625,0.45479375940015,0.49214598175239
0.00565,0.455792292125231,0.492480659482175
0.005675,0.456457980608618,0.49214598175239
0.0057,0.457789357575392,0.49214598175239
0.005725,0.458787890300473,0.49214598175239
0.00575,0.459786423025554,0.49214598175239
0.005775,0.460452111508941,0.491811304022605
0.0058,0.461450644234022,0.49214598175239
0.005825,0.462116332717409,0.49214598175239
0.00585,0.46311486544249,0.49214598175239
0.005875,0.463780553925877,0.49214598175239
0.0059,0.464446242409264,0.491811304022605
0.005925,0.465444775134345,0.49214598175239
0.00595,0.466110463617732,0.49214598175239
0.005975,0.466776152101119,0.49214598175239
0.006,0.467441840584507,0.49214598175239
0.006025,0.468107529067894,0.49214598175239
0.00605,0.468773217551281,0.49214598175239
0.006075,0.469438906034668,0.49214598175239
0.0061,0.470104594518055,0.49214598175239
0.006125,0.470770283001443,0.49214598175239
0.00615,0.47143597148483,0.491811304022605
0.006175,0.471768815726523,0.49214598175239
0.0062,0.472434504209911,0.49214598175239
0.006225,0.472767348451604,0.49214598175239
0.00625,0.473100192693298,0.491811304022605
0.006275,0.473765881176685,0.49214598175239
0.0063,0.474431569660072,0.49214598175239
0.006325,0.474764413901766,0.491811304022605
0.00635,0.475430102385153,0.49214598175239
0.006375,0.475762946626847,0.49214598175239
0.0064,0.47609579086854,0.49214598175239
0.006425,0.476428635110234,0.49214598175239
0.00645,0.476761479351927,0.492480659482175
0.006475,0.477094323593621,0.492480659482175
0.0065,0.477427167835315,0.49214598175239
0.006525,0.478092856318702,0.492480659482175
0.00655,0.478425700560395,0.49214598175239
0.006575,0.478758544802089,0.49214598175239
0.0066,0.479091389043782,0.49214598175239
0.006625,0.479424233285476,0.492480659482175
0.00665,0.47975707752717,0.49214598175239
0.006675,0.480089921768863,0.49214598175239
0.0067,0.480089921768863,0.491811304022605
0.006725,0.480422766010557,0.49214598175239
0.00675,0.48075561025225,0.491811304022605
0.006775,0.481088454493944,0.49214598175239
0.0068,0.481088454493944,0.49214598175239
0.006825,0.481421298735638,0.49214598175239
0.00685,0.481754142977331,0.49214598175239
0.006875,0.482086987219025,0.49214598175239
0.0069,0.482086987219025,0.49214598175239
0.006925,0.482752675702412,0.49214598175239
0.00695,0.482752675702412,0.49214598175239
0.006975,0.483085519944106,0.49214598175239
0.007,0.483085519944106,0.49214598175239
0.007025,0.483418364185799,0.49214598175239
0.00705,0.483751208427493,0.49214598175239
0.007075,0.483751208427493,0.49214598175239
0.0071,0.483751208427493,0.49214598175239
0.007125,0.48441689691088,0.491811304022605
0.00715,0.48441689691088,0.491811304022605
0.007175,0.484749741152574,0.49214598175239
0.0072,0.484749741152574,0.49214598175239
0.007225,0.484749741152574,0.49214598175239
0.00725,0.485082585394267,0.49214598175239
0.007275,0.485082585394267,0.49214598175239
0.0073,0.485415429635961,0.49214598175239
0.007325,0.485415429635961,0.49214598175239
0.00735,0.485748273877654,0.49214598175239
0.007375,0.485748273877654,0.49214598175239
0.0074,0.485748273877654,0.49214598175239
0.007425,0.486081118119348,0.492480659482175
0.00745,0.486081118119348,0.49214598175239
0.007475,0.486413962361042,0.49214598175239
0.0075,0.486413962361042,0.49214598175239
0.007525,0.486413962361042,0.49214598175239
0.00755,0.486746806602735,0.49214598175239
0.007575,0.486746806602735,0.49214598175239
0.0076,0.486746806602735,0.49214598175239
0.007625,0.487079650844429,0.49214598175239
0.00765,0.487079650844429,0.49214598175239
0.007675,0.487412495086122,0.49214598175239
0.0077,0.487412495086122,0.49214598175239
0.007725,0.487079650844429,0.491811304022605
0.00775,0.487412495086122,0.49214598175239
0.007775,0.487412495086122,0.491811304022605
0.0078,0.487412495086122,0.49214598175239
0.007825,0.487745339327816,0.49214598175239
0.00785,0.487745339327816,0.49214598175239
0.007875,0.48807818356951,0.49214598175239
0.0079,0.48807818356951,0.49214598175239
0.007925,0.488411027811203,0.491811304022605
0.00795,0.48807818356951,0.49214598175239
0.007975,0.48807818356951,0.49214598175239
0.008,0.47609579086854,-0.341536243142876
0.008025,0.443144210940874,-0.507536397116402
0.00805,0.411524007979983,-0.506867041656831
0.008075,0.381568026227559,-0.506867041656831
0.0081,0.352277732958523,-0.506867041656831
0.008125,0.324651660897954,-0.507201719386617
0.00815,0.297691277320773,-0.506867041656831
0.008175,0.271729426468673,-0.507201719386617
0.0082,0.246766108341653,-0.507201719386617
0.008225,0.222801322939714,-0.506867041656831
0.00825,0.199502226021162,-0.506867041656831
0.008275,0.176868817585998,-0.506867041656831
0.0083,0.154901097634221,-0.507201719386617
0.008325,0.133599066165831,-0.507536397116402
0.00835,0.113295567422521,-0.507201719386617
0.008375,0.0936577571625991,-0.507201719386617
0.0084,0.0743527911443705,-0.507201719386617
0.008425,0.0557135136095292,-0.506867041656831
0.00845,0.0377399245580751,-0.506867041656831
0.008475,0.0200991797483145,-0.506867041656831
0.0085,0.00345696766363474,-0.506867041656831
0.008525,-0.013185244421045,-0.507201719386617
0.00855,-0.0291617680223376,-0.507201719386617
0.008575,-0.044472603140243,-0.507201719386617
0.0086,-0.0591177497747612,-0.507536397116402
0.008625,-0.0734300521675858,-0.507201719386617
0.00865,-0.0874095103187168,-0.507201719386617
0.008675,-0.100723279986461,-0.507201719386617
0.0087,-0.114037049654204,-0.507201719386617
0.008725,-0.126352286596867,-0.506867041656831
0.00875,-0.138334679297837,-0.506867041656831
0.008775,-0.150317071998806,-0.506867041656831
0.0088,-0.161633776216389,-0.507201719386617
0.008825,-0.172617636192277,-0.507201719386617
0.00885,-0.183268651926472,-0.507201719386617
0.008875,-0.19325397917728,-0.507536397116402
0.0089,-0.203239306428088,-0.507201719386617
0.008925,-0.212558945195509,-0.507201719386617
0.00895,-0.221545739721236,-0.507201719386617
0.008975,-0.230532534246963,-0.507201719386617
0.009,-0.239186484530996,-0.507201719386617
0.009025,-0.247174746331643,-0.507201719386617
0.00905,-0.255495852373982,-0.507536397116402
0.009075,-0.263151269932935,-0.507536397116402
0.0091,-0.270473843250194,-0.507201719386617
0.009125,-0.277796416567453,-0.507536397116402
0.00915,-0.284786145643019,-0.507536397116402
0.009175,-0.291443030476891,-0.507201719386617
0.0092,-0.297767071069069,-0.507201719386617
0.009225,-0.304091111661247,-0.507536397116402
0.00925,-0.310082308011732,-0.507536397116402
0.009275,-0.315740660120523,-0.507536397116402
0.0093,-0.321731856471008,-0.507536397116402
0.009325,-0.327057364338105,-0.507536397116402
0.00935,-0.332382872205203,-0.507536397116402
0.009375,-0.337375535830607,-0.507536397116402
0.0094,-0.342701043697704,-0.507201719386617
0.009425,-0.347693707323108,-0.507536397116402
0.00945,-0.352020682465125,-0.507536397116402
0.009475,-0.356347657607142,-0.507871074846187
0.0095,-0.361007476990852,-0.507201719386617
0.009525,-0.365334452132869,-0.507536397116402
0.00955,-0.369328583033192,-0.507201719386617
0.009575,-0.373322713933515,-0.506867041656831
0.0096,-0.376984000592145,-0.507201719386617
0.009625,-0.380645287250774,-0.506867041656831
0.00965,-0.38397372966771,-0.507201719386617
0.009675,-0.38763501632634,-0.507201719386617
0.0097,-0.390963458743276,-0.507536397116402
0.009725,-0.394291901160212,-0.507536397116402
0.00975,-0.397620343577148,-0.507201719386617
0.009775,-0.40061594175239,-0.507201719386617
0.0098,-0.403611539927632,-0.506867041656831
0.009825,-0.406274293861181,-0.507201719386617
0.00985,-0.409602736278117,-0.507536397116402
0.009875,-0.411932645969972,-0.507201719386617
0.0099,-0.414595399903521,-0.507536397116402
0.009925,-0.41725815383707,-0.507536397116402
0.00995,-0.419588063528925,-0.507536397116402
0.009975,-0.42191797322078,-0.507201719386617
0.01,-0.424247882912635,-0.507536397116402
0.010025,-0.42657779260449,-0.507201719386617
0.01005,-0.428907702296346,-0.507201719386617
0.010075,-0.430904767746507,-0.507536397116402
0.0101,-0.432901833196669,-0.507536397116402
0.010125,-0.43489889864683,-0.507201719386617
0.01015,-0.436563119855298,-0.507201719386617
0.010175,-0.43856018530546,-0.507201719386617
0.0102,-0.440224406513928,-0.507201719386617
0.010225,-0.442221471964089,-0.507536397116402
0.01025,-0.443885693172557,-0.507536397116402
0.010275,-0.445549914381025,-0.507201719386617
0.0103,-0.447214135589493,-0.507201719386617
0.010325,-0.448878356797961,-0.507536397116402
0.01035,-0.450209733764736,-0.507536397116402
0.010375,-0.451873954973204,-0.507536397116402
0.0104,-0.453205331939978,-0.507201719386617
0.010425,-0.454536708906752,-0.507536397116402
0.01045,-0.455868085873527,-0.507536397116402
0.010475,-0.457199462840301,-0.507536397116402
0.0105,-0.458197995565382,-0.507536397116402
0.010525,-0.459529372532156,-0.507201719386617
0.01055,-0.460527905257237,-0.507536397116402
0.010575,-0.461526437982318,-0.507201719386617
0.0106,-0.462857814949092,-0.507201719386617
0.010625,-0.463856347674173,-0.507201719386617
0.01065,-0.465187724640948,-0.507201719386617
0.010675,-0.465853413124335,-0.507201719386617
0.0107,-0.466851945849415,-0.507201719386617
0.010725,-0.467850478574496,-0.507201719386617
0.01075,-0.468849011299577,-0.507201719386617
0.010775,-0.469847544024658,-0.507536397116402
0.0108,-0.470846076749739,-0.507536397116402
0.010825,-0.471511765233126,-0.507201719386617
0.01085,-0.472177453716513,-0.507201719386617
0.010875,-0.473175986441594,-0.506867041656831
0.0109,-0.473841674924981,-0.507201719386617
0.010925,-0.474840207650062,-0.507201719386617
0.01095,-0.475505896133449,-0.507536397116402
0.010975,-0.476171584616836,-0.507536397116402
0.011,-0.476837273100223,-0.507536397116402
0.011025,-0.477502961583611,-0.507536397116402
0.01105,-0.478168650066998,-0.507536397116402
0.011075,-0.478834338550385,-0.507536397116402
0.0111,-0.479167182792079,-0.507536397116402
0.011125,-0.479832871275466,-0.507536397116402
0.01115,-0.480498559758853,-0.507536397116402
0.011175,-0.48116424824224,-0.507201719386617
0.0112,-0.481497092483934,-0.507201719386617
0.011225,-0.482162780967321,-0.507201719386617
0.01125,-0.482495625209014,-0.507201719386617
0.011275,-0.483161313692402,-0.507536397116402
0.0113,-0.483827002175789,-0.507536397116402
0.011325,-0.484159846417482,-0.507536397116402
0.01135,-0.484492690659176,-0.507536397116402
0.011375,-0.48482553490087,-0.507201719386617
0.0114,-0.485158379142563,-0.507201719386617
0.011425,-0.48582406762595,-0.506867041656831
0.01145,-0.486156911867644,-0.507201719386617
0.011475,-0.486489756109338,-0.507201719386617
0.0115,-0.487155444592725,-0.507201719386617
0.011525,-0.487155444592725,-0.507201719386617
0.01155,-0.487488288834418,-0.507201719386617
0.011575,-0.487821133076112,-0.507201719386617
0.0116,-0.488153977317806,-0.507201719386617
0.011625,-0.488819665801193,-0.507536397116402
0.01165,-0.488819665801193,-0.507201719386617
0.011675,-0.489152510042886,-0.507536397116402
0.0117,-0.48948535428458,-0.506867041656831
0.011725,-0.489818198526274,-0.507201719386617
0.01175,-0.490151042767967,-0.507536397116402
0.011775,-0.490483887009661,-0.507201719386617
0.0118,-0.490816731251354,-0.507201719386617
0.011825,-0.490816731251354,-0.507201719386617
0.01185,-0.491149575493048,-0.507536397116402
0.011875,-0.491149575493048,-0.507201719386617
0.0119,-0.491482419734742,-0.507201719386617
0.011925,-0.491815263976435,-0.507201719386617
0.01195,-0.492148108218129,-0.507536397116402
0.011975,-0.492148108218129,-0.507201719386617
0.012,-0.492480952459822,-0.507201719386617
0.012025,-0.492480952459822,-0.507536397116402
0.01205,-0.492813796701516,-0.507201719386617
0.012075,-0.49314664094321,-0.507201719386617
0.0121,-0.49314664094321,-0.506867041656831
0.012125,-0.493479485184903,-0.507201719386617
0.01215,-0.493479485184903,-0.507201719386617
0.012175,-0.493812329426597,-0.507201719386617
0.0122,-0.493812329426597,-0.506867041656831
0.012225,-0.49414517366829,-0.507201719386617
0.01225,-0.49414517366829,-0.507201719386617
0.012275,-0.49414517366829,-0.507201719386617
0.0123,-0.494478017909984,-0.507536397116402
0.012325,-0.494810862151678,-0.507201719386617
0.01235,-0.494810862151678,-0.507201719386617
0.012375,-0.495143706393371,-0.507201719386617
0.0124,-0.495143706393371,-0.507536397116402
0.012425,-0.495143706393371,-0.507201719386617
0.01245,-0.495476550635065,-0.507201719386617
0.012475,-0.495476550635065,-0.507536397116402
0.0125,-0.495476550635065,-0.507201719386617
0.012525,-0.495809394876758,-0.507201719386617
0.01255,-0.495809394876758,-0.507536397116402
0.012575,-0.495809394876758,-0.507536397116402
0.0126,-0.496142239118452,-0.507201719386617
0.012625,-0.496142239118452,-0.507201719386617
0.01265,-0.496142239118452,-0.507201719386617
0.012675,-0.496475083360146,-0.507201719386617
0.0127,-0.496475083360146,-0.507201719386617
0.012725,-0.496807927601839,-0.507201719386617
0.01275,-0.496807927601839,-0.507201719386617
0.012775,-0.496807927601839,-0.507536397116402
0.0128,-0.496807927601839,-0.507201719386617
0.012825,-0.496807927601839,-0.507201719386617
0.01285,-0.497140771843533,-0.507536397116402
0.012875,-0.497140771843533,-0.507201719386617
0.0129,-0.497140771843533,-0.506867041656831
0.012925,-0.497140771843533,-0.507201719386617
0.01295,-0.497140771843533,-0.507201719386617
0.012975,-0.497473616085226,-0.507201719386617
0.013,-0.486822600351031,0.279290945608918
0.013025,-0.454203864665059,0.492480659482175
0.01305,-0.422583661704167,0.491811304022605
0.013075,-0.39229483571005,0.491811304022605
0.0131,-0.363337386682707,0.491811304022605
0.013125,-0.335378470380445,0.491811304022605
0.01315,-0.308418086803264,0.491811304022605
0.013175,-0.282789080192857,0.491811304022605
0.0132,-0.257492917824144,0.491476626292819
0.013225,-0.233195288180512,0.491811304022605
0.01325,-0.20989619126196,0.491811304022605
0.013275,-0.187262782826795,0.491811304022605
0.0133,-0.165627907116712,0.491811304022605
0.013325,-0.144325875648322,0.491476626292819
0.01335,-0.123689532663319,0.491811304022605
0.013375,-0.103386033920009,0.491811304022605
0.0134,-0.0840810679017809,0.491811304022605
0.013425,-0.0654417903669395,0.491811304022605
0.01345,-0.0474682013154854,0.49214598175239
0.013475,-0.0298274565057248,0.49214598175239
0.0135,-0.0125195559376578,0.491811304022605
0.013525,0.00412265614702192,0.49214598175239
0.01355,0.0200991797483145,0.49214598175239
0.013575,0.0357428591079135,0.492480659482175
0.0136,0.0503880057424317,0.49214598175239
0.013625,0.0650331523769499,0.49214598175239
0.01365,0.0790126105280809,0.49214598175239
0.013675,0.0926592244375183,0.491811304022605
0.0137,0.105640149863569,0.491811304022605
0.013725,0.118288231047925,0.49214598175239
0.01375,0.130270623748895,0.49214598175239
0.013775,0.14192017220817,0.49214598175239
0.0138,0.153569720667446,0.49214598175239
0.013825,0.164220736401641,0.49214598175239
0.01385,0.174871752135836,0.49214598175239
0.013875,0.184857079386644,0.49214598175239
0.0139,0.194842406637452,0.492480659482175
0.013925,0.204494889646566,0.49214598175239
0.01395,0.213481684172293,0.49214598175239
0.013975,0.222468478698021,0.49214598175239
0.014,0.23078958474036,0.49214598175239
0.014025,0.2391106907827,0.49214598175239
0.01405,0.247098952583347,0.491811304022605
0.014075,0.254421525900606,0.49214598175239
0.0141,0.262076943459558,0.491811304022605
0.014125,0.269066672535124,0.49214598175239
0.01415,0.276056401610689,0.49214598175239
0.014175,0.282713286444561,0.491811304022605
0.0142,0.289370171278433,0.491811304022605
0.014225,0.295361367628918,0.491811304022605
0.01425,0.301352563979403,0.49214598175239
0.014275,0.307343760329887,0.491811304022605
0.0143,0.313002112438678,0.49214598175239
0.014325,0.318327620305776,0.49214598175239
0.01435,0.323653128172874,0.491811304022605
0.014375,0.328978636039971,0.49214598175239
0.0144,0.333638455423681,0.491811304022605
0.014425,0.338631119049085,0.491811304022605
0.01445,0.342958094191102,0.491811304022605
0.014475,0.347617913574812,0.491811304022605
0.0145,0.351944888716829,0.49214598175239
0.014525,0.356271863858846,0.491811304022605
0.01455,0.359933150517475,0.49214598175239
0.014575,0.364260125659492,0.49214598175239
0.0146,0.367921412318122,0.49214598175239
0.014625,0.371582698976751,0.492480659482175
0.01465,0.375576829877074,0.49214598175239
